type1,type2,spritepath
Grass,Poison,pokemon_images/sprites/0000-Bulbasaur-1/front/normal/1-gen5.png
Grass,Poison,pokemon_images/sprites/0001-Ivysaur-2/front/normal/2-gen5.png
Grass,Poison,pokemon_images/sprites/0002-Venusaur-3/front/normal/3-gen5.png
Fire,None,pokemon_images/sprites/0005-Charmander-4/front/normal/4-gen5.png
Fire,None,pokemon_images/sprites/0006-Charmeleon-5/front/normal/5-gen5.png
Fire,Flying,pokemon_images/sprites/0007-Charizard-6/front/normal/6-gen5.png
Water,None,pokemon_images/sprites/0011-Squirtle-7/front/normal/7-gen5.png
Water,None,pokemon_images/sprites/0012-Wartortle-8/front/normal/8-gen5.png
Water,None,pokemon_images/sprites/0013-Blastoise-9/front/normal/9-gen5.png
Bug,None,pokemon_images/sprites/0016-Caterpie-10/front/normal/10-gen5.png
Bug,None,pokemon_images/sprites/0017-Metapod-11/front/normal/11-gen5.png
Bug,Flying,pokemon_images/sprites/0018-Butterfree-12/front/normal/12-gen5.png
Bug,Poison,pokemon_images/sprites/0020-Weedle-13/front/normal/13-gen5.png
Bug,Poison,pokemon_images/sprites/0021-Kakuna-14/front/normal/14-gen5.png
Bug,Poison,pokemon_images/sprites/0022-Beedrill-15/front/normal/15-gen5.png
Normal,Flying,pokemon_images/sprites/0024-Pidgey-16/front/normal/16-gen5.png
Normal,Flying,pokemon_images/sprites/0025-Pidgeotto-17/front/normal/17-gen5.png
Normal,Flying,pokemon_images/sprites/0026-Pidgeot-18/front/normal/18-gen5.png
Normal,None,pokemon_images/sprites/0028-Rattata-19/front/normal/19-gen5.png
Dark,Normal,pokemon_images/sprites/0029-Rattata Alola-19/front/normal/19_2-gen7.png
Normal,None,pokemon_images/sprites/0030-Raticate-20/front/normal/20-gen5.png
Dark,Normal,pokemon_images/sprites/0031-Raticate Alola-20/front/normal/20_2-gen7.png
Normal,Flying,pokemon_images/sprites/0033-Spearow-21/front/normal/21-gen5.png
Normal,Flying,pokemon_images/sprites/0034-Fearow-22/front/normal/22-gen5.png
Poison,None,pokemon_images/sprites/0035-Ekans-23/front/normal/23-gen5.png
Poison,None,pokemon_images/sprites/0036-Arbok-24/front/normal/24-gen5.png
Electric,None,pokemon_images/sprites/0037-Pikachu-25/front/normal/25-gen5.png
Electric,None,pokemon_images/sprites/0052-Raichu-26/front/normal/26-gen5.png
Electric,Psychic,pokemon_images/sprites/0053-Raichu Alola-26/front/normal/26_2-gen7.png
Ground,None,pokemon_images/sprites/0054-Sandshrew-27/front/normal/27-gen5.png
Ice,Steel,pokemon_images/sprites/0055-Sandshrew Alola-27/front/normal/27_2-gen7.png
Ground,None,pokemon_images/sprites/0056-Sandslash-28/front/normal/28-gen5.png
Ice,Steel,pokemon_images/sprites/0057-Sandslash Alola-28/front/normal/28_2-gen7.png
Poison,None,pokemon_images/sprites/0058-Nidoran F-29/front/normal/29-gen5.png
Poison,None,pokemon_images/sprites/0059-Nidorina-30/front/normal/30-gen5.png
Poison,Ground,pokemon_images/sprites/0060-Nidoqueen-31/front/normal/31-gen5.png
Poison,None,pokemon_images/sprites/0061-Nidoran M-32/front/normal/32-gen5.png
Poison,None,pokemon_images/sprites/0062-Nidorino-33/front/normal/33-gen5.png
Poison,Ground,pokemon_images/sprites/0063-Nidoking-34/front/normal/34-gen5.png
Fairy,None,pokemon_images/sprites/0064-Clefairy-35/front/normal/35-gen5.png
Fairy,None,pokemon_images/sprites/0065-Clefable-36/front/normal/36-gen5.png
Fire,None,pokemon_images/sprites/0066-Vulpix-37/front/normal/37-gen5.png
Ice,None,pokemon_images/sprites/0067-Vulpix Alola-37/front/normal/37_2-gen7.png
Fire,None,pokemon_images/sprites/0068-Ninetales-38/front/normal/38-gen5.png
Ice,Fairy,pokemon_images/sprites/0069-Ninetales Alola-38/front/normal/38_2-gen7.png
Normal,Fairy,pokemon_images/sprites/0070-Jigglypuff-39/front/normal/39-gen5.png
Normal,Fairy,pokemon_images/sprites/0071-Wigglytuff-40/front/normal/40-gen5.png
Poison,Flying,pokemon_images/sprites/0072-Zubat-41/front/normal/41-gen5.png
Poison,Flying,pokemon_images/sprites/0073-Golbat-42/front/normal/42-gen5.png
Grass,Poison,pokemon_images/sprites/0074-Oddish-43/front/normal/43-gen5.png
Grass,Poison,pokemon_images/sprites/0075-Gloom-44/front/normal/44-gen5.png
Grass,Poison,pokemon_images/sprites/0076-Vileplume-45/front/normal/45-gen5.png
Bug,Grass,pokemon_images/sprites/0077-Paras-46/front/normal/46-gen5.png
Bug,Grass,pokemon_images/sprites/0078-Parasect-47/front/normal/47-gen5.png
Bug,Poison,pokemon_images/sprites/0079-Venonat-48/front/normal/48-gen5.png
Bug,Poison,pokemon_images/sprites/0080-Venomoth-49/front/normal/49-gen5.png
Ground,None,pokemon_images/sprites/0081-Diglett-50/front/normal/50-gen5.png
Ground,Steel,pokemon_images/sprites/0082-Diglett Alola-50/front/normal/50_2-gen7.png
Ground,None,pokemon_images/sprites/0083-Dugtrio-51/front/normal/51-gen5.png
Ground,Steel,pokemon_images/sprites/0084-Dugtrio Alola-51/front/normal/51_2-gen7.png
Normal,None,pokemon_images/sprites/0085-Meowth-52/front/normal/52-gen5.png
Dark,None,pokemon_images/sprites/0086-Meowth Alola-52/front/normal/52_2-gen7.png
Steel,None,pokemon_images/sprites/0087-Meowth Galar-52/front/normal/52_3-gen8.png
Normal,None,pokemon_images/sprites/0089-Persian-53/front/normal/53-gen5.png
Dark,None,pokemon_images/sprites/0090-Persian Alola-53/front/normal/53_2-gen7.png
Water,None,pokemon_images/sprites/0091-Psyduck-54/front/normal/54-gen5.png
Water,None,pokemon_images/sprites/0092-Golduck-55/front/normal/55-gen5.png
Fighting,None,pokemon_images/sprites/0093-Mankey-56/front/normal/56-gen5.png
Fighting,None,pokemon_images/sprites/0094-Primeape-57/front/normal/57-gen5.png
Fire,None,pokemon_images/sprites/0095-Growlithe-58/front/normal/58-gen5.png
Fire,None,pokemon_images/sprites/0096-Arcanine-59/front/normal/59-gen5.png
Water,None,pokemon_images/sprites/0097-Poliwag-60/front/normal/60-gen5.png
Water,None,pokemon_images/sprites/0098-Poliwhirl-61/front/normal/61-gen5.png
Water,Fighting,pokemon_images/sprites/0099-Poliwrath-62/front/normal/62-gen5.png
Psychic,None,pokemon_images/sprites/0100-Abra-63/front/normal/63-gen5.png
Psychic,None,pokemon_images/sprites/0101-Kadabra-64/front/normal/64-gen5.png
Psychic,None,pokemon_images/sprites/0102-Alakazam-65/front/normal/65-gen5.png
Fighting,None,pokemon_images/sprites/0104-Machop-66/front/normal/66-gen5.png
Fighting,None,pokemon_images/sprites/0105-Machoke-67/front/normal/67-gen5.png
Fighting,None,pokemon_images/sprites/0106-Machamp-68/front/normal/68-gen5.png
Grass,Poison,pokemon_images/sprites/0108-Bellsprout-69/front/normal/69-gen5.png
Grass,Poison,pokemon_images/sprites/0109-Weepinbell-70/front/normal/70-gen5.png
Grass,Poison,pokemon_images/sprites/0110-Victreebel-71/front/normal/71-gen5.png
Water,Poison,pokemon_images/sprites/0111-Tentacool-72/front/normal/72-gen5.png
Water,Poison,pokemon_images/sprites/0112-Tentacruel-73/front/normal/73-gen5.png
Rock,Ground,pokemon_images/sprites/0113-Geodude-74/front/normal/74-gen5.png
Rock,Electric,pokemon_images/sprites/0114-Geodude Alola-74/front/normal/74_2-gen7.png
Rock,Ground,pokemon_images/sprites/0115-Graveler-75/front/normal/75-gen5.png
Rock,Electric,pokemon_images/sprites/0116-Graveler Alola-75/front/normal/75_2-gen7.png
Rock,Ground,pokemon_images/sprites/0117-Golem-76/front/normal/76-gen5.png
Rock,Electric,pokemon_images/sprites/0118-Golem Alola-76/front/normal/76_2-gen7.png
Fire,None,pokemon_images/sprites/0119-Ponyta-77/front/normal/77-gen5.png
Psychic,None,pokemon_images/sprites/0120-Ponyta Galar-77/front/normal/77_2-gen8.png
Fire,None,pokemon_images/sprites/0121-Rapidash-78/front/normal/78-gen5.png
Psychic,Fairy,pokemon_images/sprites/0122-Rapidash Galar-78/front/normal/78_2-gen8.png
Water,Psychic,pokemon_images/sprites/0123-Slowpoke-79/front/normal/79-gen5.png
Psychic,None,pokemon_images/sprites/0124-Slowpoke Galar-79/front/normal/79_2-gen8.png
Water,Psychic,pokemon_images/sprites/0125-Slowbro-80/front/normal/80-gen5.png
Poison,Psychic,pokemon_images/sprites/0126-Slowbro Galar-80/front/normal/80_3-gen8.png
Electric,Steel,pokemon_images/sprites/0128-Magnemite-81/front/normal/81-gen5.png
Electric,Steel,pokemon_images/sprites/0129-Magneton-82/front/normal/82-gen5.png
Normal,Flying,pokemon_images/sprites/0130-Farfetchd-83/front/normal/83-gen5.png
Fighting,None,pokemon_images/sprites/0131-Farfetchd Galar-83/front/normal/83_2-gen8.png
Normal,Flying,pokemon_images/sprites/0132-Doduo-84/front/normal/84-gen5.png
Normal,Flying,pokemon_images/sprites/0133-Dodrio-85/front/normal/85-gen5.png
Water,None,pokemon_images/sprites/0134-Seel-86/front/normal/86-gen5.png
Water,Ice,pokemon_images/sprites/0135-Dewgong-87/front/normal/87-gen5.png
Poison,None,pokemon_images/sprites/0136-Grimer-88/front/normal/88-gen5.png
Poison,Dark,pokemon_images/sprites/0137-Grimer Alola-88/front/normal/88_2-gen7.png
Poison,None,pokemon_images/sprites/0138-Muk-89/front/normal/89-gen5.png
Poison,Dark,pokemon_images/sprites/0139-Muk Alola-89/front/normal/89_2-gen7.png
Water,None,pokemon_images/sprites/0140-Shellder-90/front/normal/90-gen5.png
Water,Ice,pokemon_images/sprites/0141-Cloyster-91/front/normal/91-gen5.png
Ghost,Poison,pokemon_images/sprites/0142-Gastly-92/front/normal/92-gen5.png
Ghost,Poison,pokemon_images/sprites/0143-Haunter-93/front/normal/93-gen5.png
Ghost,Poison,pokemon_images/sprites/0144-Gengar-94/front/normal/94-gen5.png
Rock,Ground,pokemon_images/sprites/0147-Onix-95/front/normal/95-gen5.png
Psychic,None,pokemon_images/sprites/0148-Drowzee-96/front/normal/96-gen5.png
Psychic,None,pokemon_images/sprites/0149-Hypno-97/front/normal/97-gen5.png
Water,None,pokemon_images/sprites/0150-Krabby-98/front/normal/98-gen5.png
Water,None,pokemon_images/sprites/0151-Kingler-99/front/normal/99-gen5.png
Electric,None,pokemon_images/sprites/0153-Voltorb-100/front/normal/100-gen5.png
Electric,None,pokemon_images/sprites/0154-Electrode-101/front/normal/101-gen5.png
Grass,Psychic,pokemon_images/sprites/0155-Exeggcute-102/front/normal/102-gen5.png
Grass,Psychic,pokemon_images/sprites/0156-Exeggutor-103/front/normal/103-gen5.png
Grass,Dragon,pokemon_images/sprites/0157-Exeggutor Alola-103/front/normal/103_2-gen7.png
Ground,None,pokemon_images/sprites/0158-Cubone-104/front/normal/104-gen5.png
Ground,None,pokemon_images/sprites/0159-Marowak-105/front/normal/105-gen5.png
Fire,Ghost,pokemon_images/sprites/0160-Marowak Alola-105/front/normal/105_2-gen7.png
Fighting,None,pokemon_images/sprites/0162-Hitmonlee-106/front/normal/106-gen5.png
Fighting,None,pokemon_images/sprites/0163-Hitmonchan-107/front/normal/107-gen5.png
Normal,None,pokemon_images/sprites/0164-Lickitung-108/front/normal/108-gen5.png
Poison,None,pokemon_images/sprites/0165-Koffing-109/front/normal/109-gen5.png
Poison,None,pokemon_images/sprites/0166-Weezing-110/front/normal/110-gen5.png
Poison,Fairy,pokemon_images/sprites/0167-Weezing Galar-110/front/normal/110_2-gen8.png
Ground,Rock,pokemon_images/sprites/0168-Rhyhorn-111/front/normal/111-gen5.png
Ground,Rock,pokemon_images/sprites/0169-Rhydon-112/front/normal/112-gen5.png
Normal,None,pokemon_images/sprites/0170-Chansey-113/front/normal/113-gen5.png
Grass,None,pokemon_images/sprites/0171-Tangela-114/front/normal/114-gen5.png
Normal,None,pokemon_images/sprites/0172-Kangaskhan-115/front/normal/115-gen5.png
Water,None,pokemon_images/sprites/0174-Horsea-116/front/normal/116-gen5.png
Water,None,pokemon_images/sprites/0175-Seadra-117/front/normal/117-gen5.png
Water,None,pokemon_images/sprites/0176-Goldeen-118/front/normal/118-gen5.png
Water,None,pokemon_images/sprites/0177-Seaking-119/front/normal/119-gen5.png
Water,None,pokemon_images/sprites/0178-Staryu-120/front/normal/120-gen5.png
Water,Psychic,pokemon_images/sprites/0179-Starmie-121/front/normal/121-gen5.png
Psychic,Fairy,pokemon_images/sprites/0180-Mr Mime-122/front/normal/122-gen5.png
Ice,Psychic,pokemon_images/sprites/0181-Mr Mime Galar-122/front/normal/122_2-gen8.png
Bug,Flying,pokemon_images/sprites/0182-Scyther-123/front/normal/123-gen5.png
Ice,Psychic,pokemon_images/sprites/0183-Jynx-124/front/normal/124-gen5.png
Electric,None,pokemon_images/sprites/0184-Electabuzz-125/front/normal/125-gen5.png
Fire,None,pokemon_images/sprites/0185-Magmar-126/front/normal/126-gen5.png
Bug,None,pokemon_images/sprites/0186-Pinsir-127/front/normal/127-gen5.png
Normal,None,pokemon_images/sprites/0188-Tauros-128/front/normal/128-gen5.png
Water,None,pokemon_images/sprites/0189-Magikarp-129/front/normal/129-gen5.png
Water,Flying,pokemon_images/sprites/0190-Gyarados-130/front/normal/130-gen5.png
Water,Ice,pokemon_images/sprites/0192-Lapras-131/front/normal/131-gen5.png
Normal,None,pokemon_images/sprites/0194-Ditto-132/front/normal/132-gen5.png
Normal,None,pokemon_images/sprites/0195-Eevee-133/front/normal/133-gen5.png
Water,None,pokemon_images/sprites/0197-Vaporeon-134/front/normal/134-gen5.png
Electric,None,pokemon_images/sprites/0198-Jolteon-135/front/normal/135-gen5.png
Fire,None,pokemon_images/sprites/0199-Flareon-136/front/normal/136-gen5.png
Normal,None,pokemon_images/sprites/0200-Porygon-137/front/normal/137-gen5.png
Rock,Water,pokemon_images/sprites/0201-Omanyte-138/front/normal/138-gen5.png
Rock,Water,pokemon_images/sprites/0202-Omastar-139/front/normal/139-gen5.png
Rock,Water,pokemon_images/sprites/0203-Kabuto-140/front/normal/140-gen5.png
Rock,Water,pokemon_images/sprites/0204-Kabutops-141/front/normal/141-gen5.png
Rock,Flying,pokemon_images/sprites/0205-Aerodactyl-142/front/normal/142-gen5.png
Normal,None,pokemon_images/sprites/0207-Snorlax-143/front/normal/143-gen5.png
Ice,Flying,pokemon_images/sprites/0209-Articuno-144/front/normal/144-gen5.png
Psychic,Flying,pokemon_images/sprites/0210-Articuno Galar-144/front/normal/144_2-gen8.png
Electric,Flying,pokemon_images/sprites/0211-Zapdos-145/front/normal/145-gen5.png
Fighting,Flying,pokemon_images/sprites/0212-Zapdos Galar-145/front/normal/145_2-gen8.png
Fire,Flying,pokemon_images/sprites/0213-Moltres-146/front/normal/146-gen5.png
Dark,Flying,pokemon_images/sprites/0214-Moltres Galar-146/front/normal/146_2-gen8.png
Dragon,None,pokemon_images/sprites/0215-Dratini-147/front/normal/147-gen5.png
Dragon,None,pokemon_images/sprites/0216-Dragonair-148/front/normal/148-gen5.png
Dragon,Flying,pokemon_images/sprites/0217-Dragonite-149/front/normal/149-gen5.png
Psychic,None,pokemon_images/sprites/0218-Mewtwo-150/front/normal/150-gen5.png
Psychic,None,pokemon_images/sprites/0221-Mew-151/front/normal/151-gen5.png
Grass,None,pokemon_images/sprites/0222-Chikorita-152/front/normal/152-gen5.png
Grass,None,pokemon_images/sprites/0223-Bayleef-153/front/normal/153-gen5.png
Grass,None,pokemon_images/sprites/0224-Meganium-154/front/normal/154-gen5.png
Fire,None,pokemon_images/sprites/0225-Cyndaquil-155/front/normal/155-gen5.png
Fire,None,pokemon_images/sprites/0226-Quilava-156/front/normal/156-gen5.png
Fire,None,pokemon_images/sprites/0227-Typhlosion-157/front/normal/157-gen5.png
Water,None,pokemon_images/sprites/0228-Totodile-158/front/normal/158-gen5.png
Water,None,pokemon_images/sprites/0229-Croconaw-159/front/normal/159-gen5.png
Water,None,pokemon_images/sprites/0230-Feraligatr-160/front/normal/160-gen5.png
Normal,None,pokemon_images/sprites/0231-Sentret-161/front/normal/161-gen5.png
Normal,None,pokemon_images/sprites/0232-Furret-162/front/normal/162-gen5.png
Normal,Flying,pokemon_images/sprites/0233-Hoothoot-163/front/normal/163-gen5.png
Normal,Flying,pokemon_images/sprites/0234-Noctowl-164/front/normal/164-gen5.png
Bug,Flying,pokemon_images/sprites/0235-Ledyba-165/front/normal/165-gen5.png
Bug,Flying,pokemon_images/sprites/0236-Ledian-166/front/normal/166-gen5.png
Bug,Poison,pokemon_images/sprites/0237-Spinarak-167/front/normal/167-gen5.png
Bug,Poison,pokemon_images/sprites/0238-Ariados-168/front/normal/168-gen5.png
Poison,Flying,pokemon_images/sprites/0239-Crobat-169/front/normal/169-gen5.png
Water,Electric,pokemon_images/sprites/0240-Chinchou-170/front/normal/170-gen5.png
Water,Electric,pokemon_images/sprites/0241-Lanturn-171/front/normal/171-gen5.png
Electric,None,pokemon_images/sprites/0242-Pichu-172/front/normal/172-spiky-eared-gen4_hs.png
Fairy,None,pokemon_images/sprites/0243-Cleffa-173/front/normal/173-gen5.png
Normal,Fairy,pokemon_images/sprites/0244-Igglybuff-174/front/normal/174-gen5.png
Fairy,None,pokemon_images/sprites/0245-Togepi-175/front/normal/175-gen5.png
Fairy,Flying,pokemon_images/sprites/0246-Togetic-176/front/normal/176-gen5.png
Psychic,Flying,pokemon_images/sprites/0247-Natu-177/front/normal/177-gen5.png
Psychic,Flying,pokemon_images/sprites/0248-Xatu-178/front/normal/178-gen5.png
Electric,None,pokemon_images/sprites/0249-Mareep-179/front/normal/179-gen5.png
Electric,None,pokemon_images/sprites/0250-Flaaffy-180/front/normal/180-gen5.png
Electric,None,pokemon_images/sprites/0251-Ampharos-181/front/normal/181-gen5.png
Grass,None,pokemon_images/sprites/0253-Bellossom-182/front/normal/182-gen5.png
Water,Fairy,pokemon_images/sprites/0254-Marill-183/front/normal/183-gen5.png
Water,Fairy,pokemon_images/sprites/0255-Azumarill-184/front/normal/184-gen5.png
Rock,None,pokemon_images/sprites/0256-Sudowoodo-185/front/normal/185-gen5.png
Water,None,pokemon_images/sprites/0257-Politoed-186/front/normal/186-gen5.png
Grass,Flying,pokemon_images/sprites/0258-Hoppip-187/front/normal/187-gen5.png
Grass,Flying,pokemon_images/sprites/0259-Skiploom-188/front/normal/188-gen5.png
Grass,Flying,pokemon_images/sprites/0260-Jumpluff-189/front/normal/189-gen5.png
Normal,None,pokemon_images/sprites/0261-Aipom-190/front/normal/190-gen5.png
Grass,None,pokemon_images/sprites/0262-Sunkern-191/front/normal/191-gen5.png
Grass,None,pokemon_images/sprites/0263-Sunflora-192/front/normal/192-gen5.png
Bug,Flying,pokemon_images/sprites/0264-Yanma-193/front/normal/193-gen5.png
Water,Ground,pokemon_images/sprites/0265-Wooper-194/front/normal/194-gen5.png
Water,Ground,pokemon_images/sprites/0266-Quagsire-195/front/normal/195-gen5.png
Psychic,None,pokemon_images/sprites/0267-Espeon-196/front/normal/196-gen5.png
Dark,None,pokemon_images/sprites/0268-Umbreon-197/front/normal/197-gen5.png
Dark,Flying,pokemon_images/sprites/0269-Murkrow-198/front/normal/198-gen5.png
Water,Psychic,pokemon_images/sprites/0270-Slowking-199/front/normal/199-gen5.png
Poison,Psychic,pokemon_images/sprites/0271-Slowking Galar-199/front/normal/199_2-gen8.png
Ghost,None,pokemon_images/sprites/0272-Misdreavus-200/front/normal/200-gen5.png
Psychic,None,pokemon_images/sprites/0273-Unown-201/front/normal/201-a-gen5.png
Psychic,None,pokemon_images/sprites/0274-Wobbuffet-202/front/normal/202-gen5.png
Normal,Psychic,pokemon_images/sprites/0275-Girafarig-203/front/normal/203-gen5.png
Bug,None,pokemon_images/sprites/0276-Pineco-204/front/normal/204-gen5.png
Bug,Steel,pokemon_images/sprites/0277-Forretress-205/front/normal/205-gen5.png
Normal,None,pokemon_images/sprites/0278-Dunsparce-206/front/normal/206-gen5.png
Ground,Flying,pokemon_images/sprites/0279-Gligar-207/front/normal/207-gen5.png
Steel,Ground,pokemon_images/sprites/0280-Steelix-208/front/normal/208-gen5.png
Fairy,None,pokemon_images/sprites/0282-Snubbull-209/front/normal/209-gen5.png
Fairy,None,pokemon_images/sprites/0283-Granbull-210/front/normal/210-gen5.png
Water,Poison,pokemon_images/sprites/0284-Qwilfish-211/front/normal/211-gen5.png
Bug,Steel,pokemon_images/sprites/0285-Scizor-212/front/normal/212-gen5.png
Bug,Rock,pokemon_images/sprites/0287-Shuckle-213/front/normal/213-gen5.png
Bug,Fighting,pokemon_images/sprites/0288-Heracross-214/front/normal/214-gen5.png
Dark,Ice,pokemon_images/sprites/0290-Sneasel-215/front/normal/215-gen5.png
Normal,None,pokemon_images/sprites/0291-Teddiursa-216/front/normal/216-gen5.png
Normal,None,pokemon_images/sprites/0292-Ursaring-217/front/normal/217-gen5.png
Fire,None,pokemon_images/sprites/0293-Slugma-218/front/normal/218-gen5.png
Fire,Rock,pokemon_images/sprites/0294-Magcargo-219/front/normal/219-gen5.png
Ice,Ground,pokemon_images/sprites/0295-Swinub-220/front/normal/220-gen5.png
Ice,Ground,pokemon_images/sprites/0296-Piloswine-221/front/normal/221-gen5.png
Water,Rock,pokemon_images/sprites/0297-Corsola-222/front/normal/222-gen5.png
Ghost,None,pokemon_images/sprites/0298-Corsola Galar-222/front/normal/222_2-gen8.png
Water,None,pokemon_images/sprites/0299-Remoraid-223/front/normal/223-gen5.png
Water,None,pokemon_images/sprites/0300-Octillery-224/front/normal/224-gen5.png
Ice,Flying,pokemon_images/sprites/0301-Delibird-225/front/normal/225-gen5.png
Water,Flying,pokemon_images/sprites/0302-Mantine-226/front/normal/226-gen5.png
Steel,Flying,pokemon_images/sprites/0303-Skarmory-227/front/normal/227-gen5.png
Dark,Fire,pokemon_images/sprites/0304-Houndour-228/front/normal/228-gen5.png
Dark,Fire,pokemon_images/sprites/0305-Houndoom-229/front/normal/229-gen5.png
Water,Dragon,pokemon_images/sprites/0307-Kingdra-230/front/normal/230-gen5.png
Ground,None,pokemon_images/sprites/0308-Phanpy-231/front/normal/231-gen5.png
Ground,None,pokemon_images/sprites/0309-Donphan-232/front/normal/232-gen5.png
Normal,None,pokemon_images/sprites/0310-Porygon2-233/front/normal/233-gen5.png
Normal,None,pokemon_images/sprites/0311-Stantler-234/front/normal/234-gen5.png
Normal,None,pokemon_images/sprites/0312-Smeargle-235/front/normal/235-gen5.png
Fighting,None,pokemon_images/sprites/0313-Tyrogue-236/front/normal/236-gen5.png
Fighting,None,pokemon_images/sprites/0314-Hitmontop-237/front/normal/237-gen5.png
Ice,Psychic,pokemon_images/sprites/0315-Smoochum-238/front/normal/238-gen5.png
Electric,None,pokemon_images/sprites/0316-Elekid-239/front/normal/239-gen5.png
Fire,None,pokemon_images/sprites/0317-Magby-240/front/normal/240-gen5.png
Normal,None,pokemon_images/sprites/0318-Miltank-241/front/normal/241-gen5.png
Normal,None,pokemon_images/sprites/0319-Blissey-242/front/normal/242-gen5.png
Electric,None,pokemon_images/sprites/0320-Raikou-243/front/normal/243-gen5.png
Fire,None,pokemon_images/sprites/0321-Entei-244/front/normal/244-gen5.png
Water,None,pokemon_images/sprites/0322-Suicune-245/front/normal/245-gen5.png
Rock,Ground,pokemon_images/sprites/0323-Larvitar-246/front/normal/246-gen5.png
Rock,Ground,pokemon_images/sprites/0324-Pupitar-247/front/normal/247-gen5.png
Rock,Dark,pokemon_images/sprites/0325-Tyranitar-248/front/normal/248-gen5.png
Psychic,Flying,pokemon_images/sprites/0327-Lugia-249/front/normal/249-gen5.png
Fire,Flying,pokemon_images/sprites/0328-Ho Oh-250/front/normal/250-gen5.png
Psychic,Grass,pokemon_images/sprites/0329-Celebi-251/front/normal/251-gen5.png
Grass,None,pokemon_images/sprites/0330-Treecko-252/front/normal/252-gen5.png
Grass,None,pokemon_images/sprites/0331-Grovyle-253/front/normal/253-gen5.png
Grass,None,pokemon_images/sprites/0332-Sceptile-254/front/normal/254-gen5.png
Fire,None,pokemon_images/sprites/0334-Torchic-255/front/normal/255-gen5.png
Fire,Fighting,pokemon_images/sprites/0335-Combusken-256/front/normal/256-gen5.png
Fire,Fighting,pokemon_images/sprites/0336-Blaziken-257/front/normal/257-gen5.png
Water,None,pokemon_images/sprites/0338-Mudkip-258/front/normal/258-gen5.png
Water,Ground,pokemon_images/sprites/0339-Marshtomp-259/front/normal/259-gen5.png
Water,Ground,pokemon_images/sprites/0340-Swampert-260/front/normal/260-gen5.png
Dark,None,pokemon_images/sprites/0342-Poochyena-261/front/normal/261-gen5.png
Dark,None,pokemon_images/sprites/0343-Mightyena-262/front/normal/262-gen5.png
Normal,None,pokemon_images/sprites/0344-Zigzagoon-263/front/normal/263-gen5.png
Dark,Normal,pokemon_images/sprites/0345-Zigzagoon Galar-263/front/normal/263_2-gen8.png
Normal,None,pokemon_images/sprites/0346-Linoone-264/front/normal/264-gen5.png
Dark,Normal,pokemon_images/sprites/0347-Linoone Galar-264/front/normal/264_2-gen8.png
Bug,None,pokemon_images/sprites/0348-Wurmple-265/front/normal/265-gen5.png
Bug,None,pokemon_images/sprites/0349-Silcoon-266/front/normal/266-gen5.png
Bug,Flying,pokemon_images/sprites/0350-Beautifly-267/front/normal/267-gen5.png
Bug,None,pokemon_images/sprites/0351-Cascoon-268/front/normal/268-gen5.png
Bug,Poison,pokemon_images/sprites/0352-Dustox-269/front/normal/269-gen5.png
Water,Grass,pokemon_images/sprites/0353-Lotad-270/front/normal/270-gen5.png
Water,Grass,pokemon_images/sprites/0354-Lombre-271/front/normal/271-gen5.png
Water,Grass,pokemon_images/sprites/0355-Ludicolo-272/front/normal/272-gen5.png
Grass,None,pokemon_images/sprites/0356-Seedot-273/front/normal/273-gen5.png
Grass,Dark,pokemon_images/sprites/0357-Nuzleaf-274/front/normal/274-gen5.png
Grass,Dark,pokemon_images/sprites/0358-Shiftry-275/front/normal/275-gen5.png
Normal,Flying,pokemon_images/sprites/0359-Taillow-276/front/normal/276-gen5.png
Normal,Flying,pokemon_images/sprites/0360-Swellow-277/front/normal/277-gen5.png
Water,Flying,pokemon_images/sprites/0361-Wingull-278/front/normal/278-gen5.png
Water,Flying,pokemon_images/sprites/0362-Pelipper-279/front/normal/279-gen5.png
Psychic,Fairy,pokemon_images/sprites/0363-Ralts-280/front/normal/280-gen5.png
Psychic,Fairy,pokemon_images/sprites/0364-Kirlia-281/front/normal/281-gen5.png
Psychic,Fairy,pokemon_images/sprites/0365-Gardevoir-282/front/normal/282-gen5.png
Bug,Water,pokemon_images/sprites/0367-Surskit-283/front/normal/283-gen5.png
Bug,Flying,pokemon_images/sprites/0368-Masquerain-284/front/normal/284-gen5.png
Grass,None,pokemon_images/sprites/0369-Shroomish-285/front/normal/285-gen5.png
Grass,Fighting,pokemon_images/sprites/0370-Breloom-286/front/normal/286-gen5.png
Normal,None,pokemon_images/sprites/0371-Slakoth-287/front/normal/287-gen5.png
Normal,None,pokemon_images/sprites/0372-Vigoroth-288/front/normal/288-gen5.png
Normal,None,pokemon_images/sprites/0373-Slaking-289/front/normal/289-gen5.png
Bug,Ground,pokemon_images/sprites/0374-Nincada-290/front/normal/290-gen5.png
Bug,Flying,pokemon_images/sprites/0375-Ninjask-291/front/normal/291-gen5.png
Bug,Ghost,pokemon_images/sprites/0376-Shedinja-292/front/normal/292-gen5.png
Normal,None,pokemon_images/sprites/0377-Whismur-293/front/normal/293-gen5.png
Normal,None,pokemon_images/sprites/0378-Loudred-294/front/normal/294-gen5.png
Normal,None,pokemon_images/sprites/0379-Exploud-295/front/normal/295-gen5.png
Fighting,None,pokemon_images/sprites/0380-Makuhita-296/front/normal/296-gen5.png
Fighting,None,pokemon_images/sprites/0381-Hariyama-297/front/normal/297-gen5.png
Normal,Fairy,pokemon_images/sprites/0382-Azurill-298/front/normal/298-gen5.png
Rock,None,pokemon_images/sprites/0383-Nosepass-299/front/normal/299-gen5.png
Normal,None,pokemon_images/sprites/0384-Skitty-300/front/normal/300-gen5.png
Normal,None,pokemon_images/sprites/0385-Delcatty-301/front/normal/301-gen5.png
Dark,Ghost,pokemon_images/sprites/0386-Sableye-302/front/normal/302-gen5.png
Steel,Fairy,pokemon_images/sprites/0388-Mawile-303/front/normal/303-gen5.png
Steel,Rock,pokemon_images/sprites/0390-Aron-304/front/normal/304-gen5.png
Steel,Rock,pokemon_images/sprites/0391-Lairon-305/front/normal/305-gen5.png
Steel,Rock,pokemon_images/sprites/0392-Aggron-306/front/normal/306-gen5.png
Fighting,Psychic,pokemon_images/sprites/0394-Meditite-307/front/normal/307-gen5.png
Fighting,Psychic,pokemon_images/sprites/0395-Medicham-308/front/normal/308-gen5.png
Electric,None,pokemon_images/sprites/0397-Electrike-309/front/normal/309-gen5.png
Electric,None,pokemon_images/sprites/0398-Manectric-310/front/normal/310-gen5.png
Electric,None,pokemon_images/sprites/0400-Plusle-311/front/normal/311-gen5.png
Electric,None,pokemon_images/sprites/0401-Minun-312/front/normal/312-gen5.png
Bug,None,pokemon_images/sprites/0402-Volbeat-313/front/normal/313-gen5.png
Bug,None,pokemon_images/sprites/0403-Illumise-314/front/normal/314-gen5.png
Grass,Poison,pokemon_images/sprites/0404-Roselia-315/front/normal/315-gen5.png
Poison,None,pokemon_images/sprites/0405-Gulpin-316/front/normal/316-gen5.png
Poison,None,pokemon_images/sprites/0406-Swalot-317/front/normal/317-gen5.png
Water,Dark,pokemon_images/sprites/0407-Carvanha-318/front/normal/318-gen5.png
Water,Dark,pokemon_images/sprites/0408-Sharpedo-319/front/normal/319-gen5.png
Water,None,pokemon_images/sprites/0410-Wailmer-320/front/normal/320-gen5.png
Water,None,pokemon_images/sprites/0411-Wailord-321/front/normal/321-gen5.png
Fire,Ground,pokemon_images/sprites/0412-Numel-322/front/normal/322-gen5.png
Fire,Ground,pokemon_images/sprites/0413-Camerupt-323/front/normal/323-gen5.png
Fire,None,pokemon_images/sprites/0415-Torkoal-324/front/normal/324-gen5.png
Psychic,None,pokemon_images/sprites/0416-Spoink-325/front/normal/325-gen5.png
Psychic,None,pokemon_images/sprites/0417-Grumpig-326/front/normal/326-gen5.png
Normal,None,pokemon_images/sprites/0418-Spinda-327/front/normal/327-gen5.png
Ground,None,pokemon_images/sprites/0419-Trapinch-328/front/normal/328-gen5.png
Ground,Dragon,pokemon_images/sprites/0420-Vibrava-329/front/normal/329-gen5.png
Ground,Dragon,pokemon_images/sprites/0421-Flygon-330/front/normal/330-gen5.png
Grass,None,pokemon_images/sprites/0422-Cacnea-331/front/normal/331-gen5.png
Grass,Dark,pokemon_images/sprites/0423-Cacturne-332/front/normal/332-gen5.png
Normal,Flying,pokemon_images/sprites/0424-Swablu-333/front/normal/333-gen5.png
Dragon,Flying,pokemon_images/sprites/0425-Altaria-334/front/normal/334-gen5.png
Normal,None,pokemon_images/sprites/0427-Zangoose-335/front/normal/335-gen5.png
Poison,None,pokemon_images/sprites/0428-Seviper-336/front/normal/336-gen5.png
Rock,Psychic,pokemon_images/sprites/0429-Lunatone-337/front/normal/337-gen5.png
Rock,Psychic,pokemon_images/sprites/0430-Solrock-338/front/normal/338-gen5.png
Water,Ground,pokemon_images/sprites/0431-Barboach-339/front/normal/339-gen5.png
Water,Ground,pokemon_images/sprites/0432-Whiscash-340/front/normal/340-gen5.png
Water,None,pokemon_images/sprites/0433-Corphish-341/front/normal/341-gen5.png
Water,Dark,pokemon_images/sprites/0434-Crawdaunt-342/front/normal/342-gen5.png
Ground,Psychic,pokemon_images/sprites/0435-Baltoy-343/front/normal/343-gen5.png
Ground,Psychic,pokemon_images/sprites/0436-Claydol-344/front/normal/344-gen5.png
Rock,Grass,pokemon_images/sprites/0437-Lileep-345/front/normal/345-gen5.png
Rock,Grass,pokemon_images/sprites/0438-Cradily-346/front/normal/346-gen5.png
Rock,Bug,pokemon_images/sprites/0439-Anorith-347/front/normal/347-gen5.png
Rock,Bug,pokemon_images/sprites/0440-Armaldo-348/front/normal/348-gen5.png
Water,None,pokemon_images/sprites/0441-Feebas-349/front/normal/349-gen5.png
Water,None,pokemon_images/sprites/0442-Milotic-350/front/normal/350-gen5.png
Normal,None,pokemon_images/sprites/0443-Castform-351/front/normal/351-gen5.png
Water,None,pokemon_images/sprites/0444-Castform Rainy-351/front/normal/351-rainy-gen5.png
Ice,None,pokemon_images/sprites/0445-Castform Snowy-351/front/normal/351-snowy-gen5.png
Fire,None,pokemon_images/sprites/0446-Castform Sunny-351/front/normal/351-sunny-gen5.png
Normal,None,pokemon_images/sprites/0447-Kecleon-352/front/normal/352-gen5.png
Ghost,None,pokemon_images/sprites/0448-Shuppet-353/front/normal/353-gen5.png
Ghost,None,pokemon_images/sprites/0449-Banette-354/front/normal/354-gen5.png
Ghost,None,pokemon_images/sprites/0451-Duskull-355/front/normal/355-gen5.png
Ghost,None,pokemon_images/sprites/0452-Dusclops-356/front/normal/356-gen5.png
Grass,Flying,pokemon_images/sprites/0453-Tropius-357/front/normal/357-gen5.png
Psychic,None,pokemon_images/sprites/0454-Chimecho-358/front/normal/358-gen5.png
Dark,None,pokemon_images/sprites/0455-Absol-359/front/normal/359-gen5.png
Psychic,None,pokemon_images/sprites/0457-Wynaut-360/front/normal/360-gen5.png
Ice,None,pokemon_images/sprites/0458-Snorunt-361/front/normal/361-gen5.png
Ice,None,pokemon_images/sprites/0459-Glalie-362/front/normal/362-gen5.png
Ice,Water,pokemon_images/sprites/0461-Spheal-363/front/normal/363-gen5.png
Ice,Water,pokemon_images/sprites/0462-Sealeo-364/front/normal/364-gen5.png
Ice,Water,pokemon_images/sprites/0463-Walrein-365/front/normal/365-gen5.png
Water,None,pokemon_images/sprites/0464-Clamperl-366/front/normal/366-gen5.png
Water,None,pokemon_images/sprites/0465-Huntail-367/front/normal/367-gen5.png
Water,None,pokemon_images/sprites/0466-Gorebyss-368/front/normal/368-gen5.png
Water,Rock,pokemon_images/sprites/0467-Relicanth-369/front/normal/369-gen5.png
Water,None,pokemon_images/sprites/0468-Luvdisc-370/front/normal/370-gen5.png
Dragon,None,pokemon_images/sprites/0469-Bagon-371/front/normal/371-gen5.png
Dragon,None,pokemon_images/sprites/0470-Shelgon-372/front/normal/372-gen5.png
Dragon,Flying,pokemon_images/sprites/0471-Salamence-373/front/normal/373-gen5.png
Steel,Psychic,pokemon_images/sprites/0473-Beldum-374/front/normal/374-gen5.png
Steel,Psychic,pokemon_images/sprites/0474-Metang-375/front/normal/375-gen5.png
Steel,Psychic,pokemon_images/sprites/0475-Metagross-376/front/normal/376-gen5.png
Rock,None,pokemon_images/sprites/0477-Regirock-377/front/normal/377-gen5.png
Ice,None,pokemon_images/sprites/0478-Regice-378/front/normal/378-gen5.png
Steel,None,pokemon_images/sprites/0479-Registeel-379/front/normal/379-gen5.png
Dragon,Psychic,pokemon_images/sprites/0480-Latias-380/front/normal/380-gen5.png
Dragon,Psychic,pokemon_images/sprites/0482-Latios-381/front/normal/381-gen5.png
Water,None,pokemon_images/sprites/0484-Kyogre-382/front/normal/382-gen5.png
Ground,None,pokemon_images/sprites/0486-Groudon-383/front/normal/383-gen5.png
Dragon,Flying,pokemon_images/sprites/0488-Rayquaza-384/front/normal/384-gen5.png
Steel,Psychic,pokemon_images/sprites/0490-Jirachi-385/front/normal/385-gen5.png
Psychic,None,pokemon_images/sprites/0491-Deoxys Attack-386/front/normal/386-attack-gen5.png
Psychic,None,pokemon_images/sprites/0492-Deoxys Defense-386/front/normal/386-defense-gen5.png
Psychic,None,pokemon_images/sprites/0493-Deoxys Normal-386/front/normal/386-normal-gen5.png
Psychic,None,pokemon_images/sprites/0494-Deoxys Speed-386/front/normal/386-speed-gen5.png
Grass,None,pokemon_images/sprites/0495-Turtwig-387/front/normal/387-gen5.png
Grass,None,pokemon_images/sprites/0496-Grotle-388/front/normal/388-gen5.png
Grass,Ground,pokemon_images/sprites/0497-Torterra-389/front/normal/389-gen5.png
Fire,None,pokemon_images/sprites/0498-Chimchar-390/front/normal/390-gen5.png
Fire,Fighting,pokemon_images/sprites/0499-Monferno-391/front/normal/391-gen5.png
Fire,Fighting,pokemon_images/sprites/0500-Infernape-392/front/normal/392-gen5.png
Water,None,pokemon_images/sprites/0501-Piplup-393/front/normal/393-gen5.png
Water,None,pokemon_images/sprites/0502-Prinplup-394/front/normal/394-gen5.png
Water,Steel,pokemon_images/sprites/0503-Empoleon-395/front/normal/395-gen5.png
Normal,Flying,pokemon_images/sprites/0504-Starly-396/front/normal/396-gen5.png
Normal,Flying,pokemon_images/sprites/0505-Staravia-397/front/normal/397-gen5.png
Normal,Flying,pokemon_images/sprites/0506-Staraptor-398/front/normal/398-gen5.png
Normal,None,pokemon_images/sprites/0507-Bidoof-399/front/normal/399-gen5.png
Normal,Water,pokemon_images/sprites/0508-Bibarel-400/front/normal/400-gen5.png
Bug,None,pokemon_images/sprites/0509-Kricketot-401/front/normal/401-gen5.png
Bug,None,pokemon_images/sprites/0510-Kricketune-402/front/normal/402-gen5.png
Electric,None,pokemon_images/sprites/0511-Shinx-403/front/normal/403-gen5.png
Electric,None,pokemon_images/sprites/0512-Luxio-404/front/normal/404-gen5.png
Electric,None,pokemon_images/sprites/0513-Luxray-405/front/normal/405-gen5.png
Grass,Poison,pokemon_images/sprites/0514-Budew-406/front/normal/406-gen5.png
Grass,Poison,pokemon_images/sprites/0515-Roserade-407/front/normal/407-gen5.png
Rock,None,pokemon_images/sprites/0516-Cranidos-408/front/normal/408-gen5.png
Rock,None,pokemon_images/sprites/0517-Rampardos-409/front/normal/409-gen5.png
Rock,Steel,pokemon_images/sprites/0518-Shieldon-410/front/normal/410-gen5.png
Rock,Steel,pokemon_images/sprites/0519-Bastiodon-411/front/normal/411-gen5.png
Bug,None,pokemon_images/sprites/0520-Burmy-412/front/normal/412-trash-gen5.png
Bug,Grass,pokemon_images/sprites/0521-Wormadam Plant-413/front/normal/413-plant-gen5.png
Bug,Ground,pokemon_images/sprites/0522-Wormadam Sandy-413/front/normal/413-sandy-gen5.png
Bug,Steel,pokemon_images/sprites/0523-Wormadam Trash-413/front/normal/413-trash-gen5.png
Bug,Flying,pokemon_images/sprites/0524-Mothim-414/front/normal/414-gen5.png
Bug,Flying,pokemon_images/sprites/0525-Combee-415/front/normal/415-gen5.png
Bug,Flying,pokemon_images/sprites/0526-Vespiquen-416/front/normal/416-gen5.png
Electric,None,pokemon_images/sprites/0527-Pachirisu-417/front/normal/417-gen5.png
Water,None,pokemon_images/sprites/0528-Buizel-418/front/normal/418-gen5.png
Water,None,pokemon_images/sprites/0529-Floatzel-419/front/normal/419-gen5.png
Grass,None,pokemon_images/sprites/0530-Cherubi-420/front/normal/420-gen5.png
Grass,None,pokemon_images/sprites/0531-Cherrim-421/front/normal/421-sunshine-gen5.png
Water,None,pokemon_images/sprites/0532-Shellos-422/front/normal/422-west-gen5.png
Water,Ground,pokemon_images/sprites/0533-Gastrodon-423/front/normal/423-west-gen5.png
Normal,None,pokemon_images/sprites/0534-Ambipom-424/front/normal/424-gen5.png
Ghost,Flying,pokemon_images/sprites/0535-Drifloon-425/front/normal/425-gen5.png
Ghost,Flying,pokemon_images/sprites/0536-Drifblim-426/front/normal/426-gen5.png
Normal,None,pokemon_images/sprites/0537-Buneary-427/front/normal/427-gen5.png
Normal,None,pokemon_images/sprites/0538-Lopunny-428/front/normal/428-gen5.png
Ghost,None,pokemon_images/sprites/0540-Mismagius-429/front/normal/429-gen5.png
Dark,Flying,pokemon_images/sprites/0541-Honchkrow-430/front/normal/430-gen5.png
Normal,None,pokemon_images/sprites/0542-Glameow-431/front/normal/431-gen5.png
Normal,None,pokemon_images/sprites/0543-Purugly-432/front/normal/432-gen5.png
Psychic,None,pokemon_images/sprites/0544-Chingling-433/front/normal/433-gen5.png
Poison,Dark,pokemon_images/sprites/0545-Stunky-434/front/normal/434-gen5.png
Poison,Dark,pokemon_images/sprites/0546-Skuntank-435/front/normal/435-gen5.png
Steel,Psychic,pokemon_images/sprites/0547-Bronzor-436/front/normal/436-gen5.png
Steel,Psychic,pokemon_images/sprites/0548-Bronzong-437/front/normal/437-gen5.png
Rock,None,pokemon_images/sprites/0549-Bonsly-438/front/normal/438-gen5.png
Psychic,Fairy,pokemon_images/sprites/0550-Mime Jr-439/front/normal/439-gen5.png
Normal,None,pokemon_images/sprites/0551-Happiny-440/front/normal/440-gen5.png
Normal,Flying,pokemon_images/sprites/0552-Chatot-441/front/normal/441-gen5.png
Ghost,Dark,pokemon_images/sprites/0553-Spiritomb-442/front/normal/442-gen5.png
Dragon,Ground,pokemon_images/sprites/0554-Gible-443/front/normal/443-gen5.png
Dragon,Ground,pokemon_images/sprites/0555-Gabite-444/front/normal/444-gen5.png
Dragon,Ground,pokemon_images/sprites/0556-Garchomp-445/front/normal/445-gen5.png
Normal,None,pokemon_images/sprites/0558-Munchlax-446/front/normal/446-gen5.png
Fighting,None,pokemon_images/sprites/0559-Riolu-447/front/normal/447-gen5.png
Fighting,Steel,pokemon_images/sprites/0560-Lucario-448/front/normal/448-gen5.png
Ground,None,pokemon_images/sprites/0562-Hippopotas-449/front/normal/449-gen5.png
Ground,None,pokemon_images/sprites/0563-Hippowdon-450/front/normal/450-gen5.png
Poison,Bug,pokemon_images/sprites/0564-Skorupi-451/front/normal/451-gen5.png
Poison,Dark,pokemon_images/sprites/0565-Drapion-452/front/normal/452-gen5.png
Poison,Fighting,pokemon_images/sprites/0566-Croagunk-453/front/normal/453-gen5.png
Poison,Fighting,pokemon_images/sprites/0567-Toxicroak-454/front/normal/454-gen5.png
Grass,None,pokemon_images/sprites/0568-Carnivine-455/front/normal/455-gen5.png
Water,None,pokemon_images/sprites/0569-Finneon-456/front/normal/456-gen5.png
Water,None,pokemon_images/sprites/0570-Lumineon-457/front/normal/457-gen5.png
Water,Flying,pokemon_images/sprites/0571-Mantyke-458/front/normal/458-gen5.png
Grass,Ice,pokemon_images/sprites/0572-Snover-459/front/normal/459-gen5.png
Grass,Ice,pokemon_images/sprites/0573-Abomasnow-460/front/normal/460-gen5.png
Dark,Ice,pokemon_images/sprites/0575-Weavile-461/front/normal/461-gen5.png
Electric,Steel,pokemon_images/sprites/0576-Magnezone-462/front/normal/462-gen5.png
Normal,None,pokemon_images/sprites/0577-Lickilicky-463/front/normal/463-gen5.png
Ground,Rock,pokemon_images/sprites/0578-Rhyperior-464/front/normal/464-gen5.png
Grass,None,pokemon_images/sprites/0579-Tangrowth-465/front/normal/465-gen5.png
Electric,None,pokemon_images/sprites/0580-Electivire-466/front/normal/466-gen5.png
Fire,None,pokemon_images/sprites/0581-Magmortar-467/front/normal/467-gen5.png
Fairy,Flying,pokemon_images/sprites/0582-Togekiss-468/front/normal/468-gen5.png
Bug,Flying,pokemon_images/sprites/0583-Yanmega-469/front/normal/469-gen5.png
Grass,None,pokemon_images/sprites/0584-Leafeon-470/front/normal/470-gen5.png
Ice,None,pokemon_images/sprites/0585-Glaceon-471/front/normal/471-gen5.png
Ground,Flying,pokemon_images/sprites/0586-Gliscor-472/front/normal/472-gen5.png
Ice,Ground,pokemon_images/sprites/0587-Mamoswine-473/front/normal/473-gen5.png
Normal,None,pokemon_images/sprites/0588-Porygon Z-474/front/normal/474-gen5.png
Psychic,Fighting,pokemon_images/sprites/0589-Gallade-475/front/normal/475-gen5.png
Rock,Steel,pokemon_images/sprites/0591-Probopass-476/front/normal/476-gen5.png
Ghost,None,pokemon_images/sprites/0592-Dusknoir-477/front/normal/477-gen5.png
Ice,Ghost,pokemon_images/sprites/0593-Froslass-478/front/normal/478-gen5.png
Electric,Ghost,pokemon_images/sprites/0594-Rotom-479/front/normal/479-gen5.png
Electric,Flying,pokemon_images/sprites/0595-Rotom Fan-479/front/normal/479-fan-gen5.png
Electric,Ice,pokemon_images/sprites/0596-Rotom Frost-479/front/normal/479-frost-gen5.png
Electric,Fire,pokemon_images/sprites/0597-Rotom Heat-479/front/normal/479-heat-gen5.png
Electric,Grass,pokemon_images/sprites/0598-Rotom Mow-479/front/normal/479-mow-gen5.png
Electric,Water,pokemon_images/sprites/0599-Rotom Wash-479/front/normal/479-wash-gen5.png
Psychic,None,pokemon_images/sprites/0600-Uxie-480/front/normal/480-gen5.png
Psychic,None,pokemon_images/sprites/0601-Mesprit-481/front/normal/481-gen5.png
Psychic,None,pokemon_images/sprites/0602-Azelf-482/front/normal/482-gen5.png
Steel,Dragon,pokemon_images/sprites/0603-Dialga-483/front/normal/483-gen5.png
Water,Dragon,pokemon_images/sprites/0604-Palkia-484/front/normal/484-gen5.png
Fire,Steel,pokemon_images/sprites/0605-Heatran-485/front/normal/485-gen5.png
Normal,None,pokemon_images/sprites/0606-Regigigas-486/front/normal/486-gen5.png
Ghost,Dragon,pokemon_images/sprites/0607-Giratina Altered-487/front/normal/487-altered-gen5.png
Ghost,Dragon,pokemon_images/sprites/0608-Giratina Origin-487/front/normal/487-origin-gen5.png
Psychic,None,pokemon_images/sprites/0609-Cresselia-488/front/normal/488-gen5.png
Water,None,pokemon_images/sprites/0610-Phione-489/front/normal/489-gen5.png
Water,None,pokemon_images/sprites/0611-Manaphy-490/front/normal/490-gen5.png
Dark,None,pokemon_images/sprites/0612-Darkrai-491/front/normal/491-gen5.png
Grass,None,pokemon_images/sprites/0613-Shaymin Land-492/front/normal/492-land-gen5.png
Grass,Flying,pokemon_images/sprites/0614-Shaymin Sky-492/front/normal/492-sky-gen5.png
Normal,None,pokemon_images/sprites/0615-Arceus-493/front/normal/493-gen5.png
Psychic,Fire,pokemon_images/sprites/0616-Victini-494/front/normal/494-gen5.png
Grass,None,pokemon_images/sprites/0617-Snivy-495/front/normal/495-gen5.png
Grass,None,pokemon_images/sprites/0618-Servine-496/front/normal/496-gen5.png
Grass,None,pokemon_images/sprites/0619-Serperior-497/front/normal/497-gen5.png
Fire,None,pokemon_images/sprites/0620-Tepig-498/front/normal/498-gen5.png
Fire,Fighting,pokemon_images/sprites/0621-Pignite-499/front/normal/499-gen5.png
Fire,Fighting,pokemon_images/sprites/0622-Emboar-500/front/normal/500-gen5.png
Water,None,pokemon_images/sprites/0623-Oshawott-501/front/normal/501-gen5.png
Water,None,pokemon_images/sprites/0624-Dewott-502/front/normal/502-gen5.png
Water,None,pokemon_images/sprites/0625-Samurott-503/front/normal/503-gen5.png
Normal,None,pokemon_images/sprites/0626-Patrat-504/front/normal/504-gen5.png
Normal,None,pokemon_images/sprites/0627-Watchog-505/front/normal/505-gen5.png
Normal,None,pokemon_images/sprites/0628-Lillipup-506/front/normal/506-gen5.png
Normal,None,pokemon_images/sprites/0629-Herdier-507/front/normal/507-gen5.png
Normal,None,pokemon_images/sprites/0630-Stoutland-508/front/normal/508-gen5.png
Dark,None,pokemon_images/sprites/0631-Purrloin-509/front/normal/509-gen5.png
Dark,None,pokemon_images/sprites/0632-Liepard-510/front/normal/510-gen5.png
Grass,None,pokemon_images/sprites/0633-Pansage-511/front/normal/511-gen5.png
Grass,None,pokemon_images/sprites/0634-Simisage-512/front/normal/512-gen5.png
Fire,None,pokemon_images/sprites/0635-Pansear-513/front/normal/513-gen5.png
Fire,None,pokemon_images/sprites/0636-Simisear-514/front/normal/514-gen5.png
Water,None,pokemon_images/sprites/0637-Panpour-515/front/normal/515-gen5.png
Water,None,pokemon_images/sprites/0638-Simipour-516/front/normal/516-gen5.png
Psychic,None,pokemon_images/sprites/0639-Munna-517/front/normal/517-gen5.png
Psychic,None,pokemon_images/sprites/0640-Musharna-518/front/normal/518-gen5.png
Normal,Flying,pokemon_images/sprites/0641-Pidove-519/front/normal/519-gen5.png
Normal,Flying,pokemon_images/sprites/0642-Tranquill-520/front/normal/520-gen5.png
Normal,Flying,pokemon_images/sprites/0643-Unfezant-521/front/normal/521-gen5.png
Electric,None,pokemon_images/sprites/0644-Blitzle-522/front/normal/522-gen5.png
Electric,None,pokemon_images/sprites/0645-Zebstrika-523/front/normal/523-gen5.png
Rock,None,pokemon_images/sprites/0646-Roggenrola-524/front/normal/524-gen5.png
Rock,None,pokemon_images/sprites/0647-Boldore-525/front/normal/525-gen5.png
Rock,None,pokemon_images/sprites/0648-Gigalith-526/front/normal/526-gen5.png
Psychic,Flying,pokemon_images/sprites/0649-Woobat-527/front/normal/527-gen5.png
Psychic,Flying,pokemon_images/sprites/0650-Swoobat-528/front/normal/528-gen5.png
Ground,None,pokemon_images/sprites/0651-Drilbur-529/front/normal/529-gen5.png
Ground,Steel,pokemon_images/sprites/0652-Excadrill-530/front/normal/530-gen5.png
Normal,None,pokemon_images/sprites/0653-Audino-531/front/normal/531-gen5.png
Fighting,None,pokemon_images/sprites/0655-Timburr-532/front/normal/532-gen5.png
Fighting,None,pokemon_images/sprites/0656-Gurdurr-533/front/normal/533-gen5.png
Fighting,None,pokemon_images/sprites/0657-Conkeldurr-534/front/normal/534-gen5.png
Water,None,pokemon_images/sprites/0658-Tympole-535/front/normal/535-gen5.png
Water,Ground,pokemon_images/sprites/0659-Palpitoad-536/front/normal/536-gen5.png
Water,Ground,pokemon_images/sprites/0660-Seismitoad-537/front/normal/537-gen5.png
Fighting,None,pokemon_images/sprites/0661-Throh-538/front/normal/538-gen5.png
Fighting,None,pokemon_images/sprites/0662-Sawk-539/front/normal/539-gen5.png
Bug,Grass,pokemon_images/sprites/0663-Sewaddle-540/front/normal/540-gen5.png
Bug,Grass,pokemon_images/sprites/0664-Swadloon-541/front/normal/541-gen5.png
Bug,Grass,pokemon_images/sprites/0665-Leavanny-542/front/normal/542-gen5.png
Bug,Poison,pokemon_images/sprites/0666-Venipede-543/front/normal/543-gen5.png
Bug,Poison,pokemon_images/sprites/0667-Whirlipede-544/front/normal/544-gen5.png
Bug,Poison,pokemon_images/sprites/0668-Scolipede-545/front/normal/545-gen5.png
Grass,Fairy,pokemon_images/sprites/0669-Cottonee-546/front/normal/546-gen5.png
Grass,Fairy,pokemon_images/sprites/0670-Whimsicott-547/front/normal/547-gen5.png
Grass,None,pokemon_images/sprites/0671-Petilil-548/front/normal/548-gen5.png
Grass,None,pokemon_images/sprites/0672-Lilligant-549/front/normal/549-gen5.png
Water,None,pokemon_images/sprites/0673-Basculin Blue Striped-550/front/normal/550-blue-striped-gen5.png
Water,None,pokemon_images/sprites/0674-Basculin Red Striped-550/front/normal/550-red-striped-gen5.png
Ground,Dark,pokemon_images/sprites/0675-Sandile-551/front/normal/551-gen5.png
Ground,Dark,pokemon_images/sprites/0676-Krokorok-552/front/normal/552-gen5.png
Ground,Dark,pokemon_images/sprites/0677-Krookodile-553/front/normal/553-gen5.png
Fire,None,pokemon_images/sprites/0678-Darumaka-554/front/normal/554-gen5.png
Ice,None,pokemon_images/sprites/0679-Darumaka Galar-554/front/normal/554_2-gen8.png
Fire,None,pokemon_images/sprites/0680-Darmanitan Standard-555/front/normal/555-standard-gen5.png
Ice,None,pokemon_images/sprites/0681-Darmanitan Standard Galar-555/front/normal/555_3-gen8.png
Fire,Psychic,pokemon_images/sprites/0682-Darmanitan Zen-555/front/normal/555-zen-gen5.png
Ice,Fire,pokemon_images/sprites/0683-Darmanitan Zen Galar-555/front/normal/555_4-gen8.png
Grass,None,pokemon_images/sprites/0684-Maractus-556/front/normal/556-gen5.png
Bug,Rock,pokemon_images/sprites/0685-Dwebble-557/front/normal/557-gen5.png
Bug,Rock,pokemon_images/sprites/0686-Crustle-558/front/normal/558-gen5.png
Dark,Fighting,pokemon_images/sprites/0687-Scraggy-559/front/normal/559-gen5.png
Dark,Fighting,pokemon_images/sprites/0688-Scrafty-560/front/normal/560-gen5.png
Psychic,Flying,pokemon_images/sprites/0689-Sigilyph-561/front/normal/561-gen5.png
Ghost,None,pokemon_images/sprites/0690-Yamask-562/front/normal/562-gen5.png
Ground,Ghost,pokemon_images/sprites/0691-Yamask Galar-562/front/normal/562_2-gen8.png
Ghost,None,pokemon_images/sprites/0692-Cofagrigus-563/front/normal/563-gen5.png
Water,Rock,pokemon_images/sprites/0693-Tirtouga-564/front/normal/564-gen5.png
Water,Rock,pokemon_images/sprites/0694-Carracosta-565/front/normal/565-gen5.png
Rock,Flying,pokemon_images/sprites/0695-Archen-566/front/normal/566-gen5.png
Rock,Flying,pokemon_images/sprites/0696-Archeops-567/front/normal/567-gen5.png
Poison,None,pokemon_images/sprites/0697-Trubbish-568/front/normal/568-gen5.png
Poison,None,pokemon_images/sprites/0698-Garbodor-569/front/normal/569-gen5.png
Dark,None,pokemon_images/sprites/0700-Zorua-570/front/normal/570-gen5.png
Dark,None,pokemon_images/sprites/0701-Zoroark-571/front/normal/571-gen5.png
Normal,None,pokemon_images/sprites/0702-Minccino-572/front/normal/572-gen5.png
Normal,None,pokemon_images/sprites/0703-Cinccino-573/front/normal/573-gen5.png
Psychic,None,pokemon_images/sprites/0704-Gothita-574/front/normal/574-gen5.png
Psychic,None,pokemon_images/sprites/0705-Gothorita-575/front/normal/575-gen5.png
Psychic,None,pokemon_images/sprites/0706-Gothitelle-576/front/normal/576-gen5.png
Psychic,None,pokemon_images/sprites/0707-Solosis-577/front/normal/577-gen5.png
Psychic,None,pokemon_images/sprites/0708-Duosion-578/front/normal/578-gen5.png
Psychic,None,pokemon_images/sprites/0709-Reuniclus-579/front/normal/579-gen5.png
Water,Flying,pokemon_images/sprites/0710-Ducklett-580/front/normal/580-gen5.png
Water,Flying,pokemon_images/sprites/0711-Swanna-581/front/normal/581-gen5.png
Ice,None,pokemon_images/sprites/0712-Vanillite-582/front/normal/582-gen5.png
Ice,None,pokemon_images/sprites/0713-Vanillish-583/front/normal/583-gen5.png
Ice,None,pokemon_images/sprites/0714-Vanilluxe-584/front/normal/584-gen5.png
Normal,Grass,pokemon_images/sprites/0715-Deerling-585/front/normal/585-winter-gen5.png
Normal,Grass,pokemon_images/sprites/0716-Sawsbuck-586/front/normal/586-winter-gen5.png
Electric,Flying,pokemon_images/sprites/0717-Emolga-587/front/normal/587-gen5.png
Bug,None,pokemon_images/sprites/0718-Karrablast-588/front/normal/588-gen5.png
Bug,Steel,pokemon_images/sprites/0719-Escavalier-589/front/normal/589-gen5.png
Grass,Poison,pokemon_images/sprites/0720-Foongus-590/front/normal/590-gen5.png
Grass,Poison,pokemon_images/sprites/0721-Amoonguss-591/front/normal/591-gen5.png
Water,Ghost,pokemon_images/sprites/0722-Frillish-592/front/normal/592-gen5.png
Water,Ghost,pokemon_images/sprites/0723-Jellicent-593/front/normal/593-gen5.png
Water,None,pokemon_images/sprites/0724-Alomomola-594/front/normal/594-gen5.png
Bug,Electric,pokemon_images/sprites/0725-Joltik-595/front/normal/595-gen5.png
Bug,Electric,pokemon_images/sprites/0726-Galvantula-596/front/normal/596-gen5.png
Grass,Steel,pokemon_images/sprites/0727-Ferroseed-597/front/normal/597-gen5.png
Grass,Steel,pokemon_images/sprites/0728-Ferrothorn-598/front/normal/598-gen5.png
Steel,None,pokemon_images/sprites/0729-Klink-599/front/normal/599-gen5.png
Steel,None,pokemon_images/sprites/0730-Klang-600/front/normal/600-gen5.png
Steel,None,pokemon_images/sprites/0731-Klinklang-601/front/normal/601-gen5.png
Electric,None,pokemon_images/sprites/0732-Tynamo-602/front/normal/602-gen5.png
Electric,None,pokemon_images/sprites/0733-Eelektrik-603/front/normal/603-gen5.png
Electric,None,pokemon_images/sprites/0734-Eelektross-604/front/normal/604-gen5.png
Psychic,None,pokemon_images/sprites/0735-Elgyem-605/front/normal/605-gen5.png
Psychic,None,pokemon_images/sprites/0736-Beheeyem-606/front/normal/606-gen5.png
Ghost,Fire,pokemon_images/sprites/0737-Litwick-607/front/normal/607-gen5.png
Ghost,Fire,pokemon_images/sprites/0738-Lampent-608/front/normal/608-gen5.png
Ghost,Fire,pokemon_images/sprites/0739-Chandelure-609/front/normal/609-gen5.png
Dragon,None,pokemon_images/sprites/0740-Axew-610/front/normal/610-gen5.png
Dragon,None,pokemon_images/sprites/0741-Fraxure-611/front/normal/611-gen5.png
Dragon,None,pokemon_images/sprites/0742-Haxorus-612/front/normal/612-gen5.png
Ice,None,pokemon_images/sprites/0743-Cubchoo-613/front/normal/613-gen5.png
Ice,None,pokemon_images/sprites/0744-Beartic-614/front/normal/614-gen5.png
Ice,None,pokemon_images/sprites/0745-Cryogonal-615/front/normal/615-gen5.png
Bug,None,pokemon_images/sprites/0746-Shelmet-616/front/normal/616-gen5.png
Bug,None,pokemon_images/sprites/0747-Accelgor-617/front/normal/617-gen5.png
Ground,Electric,pokemon_images/sprites/0748-Stunfisk-618/front/normal/618-gen5.png
Ground,Steel,pokemon_images/sprites/0749-Stunfisk Galar-618/front/normal/618_2-gen8.png
Fighting,None,pokemon_images/sprites/0750-Mienfoo-619/front/normal/619-gen5.png
Fighting,None,pokemon_images/sprites/0751-Mienshao-620/front/normal/620-gen5.png
Dragon,None,pokemon_images/sprites/0752-Druddigon-621/front/normal/621-gen5.png
Ground,Ghost,pokemon_images/sprites/0753-Golett-622/front/normal/622-gen5.png
Ground,Ghost,pokemon_images/sprites/0754-Golurk-623/front/normal/623-gen5.png
Dark,Steel,pokemon_images/sprites/0755-Pawniard-624/front/normal/624-gen5.png
Dark,Steel,pokemon_images/sprites/0756-Bisharp-625/front/normal/625-gen5.png
Normal,None,pokemon_images/sprites/0757-Bouffalant-626/front/normal/626-gen5.png
Normal,Flying,pokemon_images/sprites/0758-Rufflet-627/front/normal/627-gen5.png
Normal,Flying,pokemon_images/sprites/0759-Braviary-628/front/normal/628-gen5.png
Dark,Flying,pokemon_images/sprites/0760-Vullaby-629/front/normal/629-gen5.png
Dark,Flying,pokemon_images/sprites/0761-Mandibuzz-630/front/normal/630-gen5.png
Fire,None,pokemon_images/sprites/0762-Heatmor-631/front/normal/631-gen5.png
Bug,Steel,pokemon_images/sprites/0763-Durant-632/front/normal/632-gen5.png
Dark,Dragon,pokemon_images/sprites/0764-Deino-633/front/normal/633-gen5.png
Dark,Dragon,pokemon_images/sprites/0765-Zweilous-634/front/normal/634-gen5.png
Dark,Dragon,pokemon_images/sprites/0766-Hydreigon-635/front/normal/635-gen5.png
Bug,Fire,pokemon_images/sprites/0767-Larvesta-636/front/normal/636-gen5.png
Bug,Fire,pokemon_images/sprites/0768-Volcarona-637/front/normal/637-gen5.png
Steel,Fighting,pokemon_images/sprites/0769-Cobalion-638/front/normal/638-gen5.png
Rock,Fighting,pokemon_images/sprites/0770-Terrakion-639/front/normal/639-gen5.png
Grass,Fighting,pokemon_images/sprites/0771-Virizion-640/front/normal/640-gen5.png
Flying,None,pokemon_images/sprites/0772-Tornadus Incarnate-641/front/normal/641-incarnate-gen5.png
Flying,None,pokemon_images/sprites/0773-Tornadus Therian-641/front/normal/641-therian-gen5.png
Electric,Flying,pokemon_images/sprites/0774-Thundurus Incarnate-642/front/normal/642-incarnate-gen5.png
Electric,Flying,pokemon_images/sprites/0775-Thundurus Therian-642/front/normal/642-therian-gen5.png
Dragon,Fire,pokemon_images/sprites/0776-Reshiram-643/front/normal/643-gen5.png
Dragon,Electric,pokemon_images/sprites/0777-Zekrom-644/front/normal/644-gen5.png
Ground,Flying,pokemon_images/sprites/0778-Landorus Incarnate-645/front/normal/645-incarnate-gen5.png
Ground,Flying,pokemon_images/sprites/0779-Landorus Therian-645/front/normal/645-therian-gen5.png
Dragon,Ice,pokemon_images/sprites/0780-Kyurem-646/front/normal/646-gen5.png
Dragon,Ice,pokemon_images/sprites/0781-Kyurem Black-646/front/normal/646-black-gen5.png
Dragon,Ice,pokemon_images/sprites/0782-Kyurem White-646/front/normal/646-white-gen5.png
Water,Fighting,pokemon_images/sprites/0783-Keldeo Ordinary-647/front/normal/647-ordinary-gen5.png
Water,Fighting,pokemon_images/sprites/0784-Keldeo Resolute-647/front/normal/647-resolute-gen5.png
Normal,Psychic,pokemon_images/sprites/0785-Meloetta Aria-648/front/normal/648-aria-gen5.png
Normal,Fighting,pokemon_images/sprites/0786-Meloetta Pirouette-648/front/normal/648-pirouette-gen5.png
Bug,Steel,pokemon_images/sprites/0787-Genesect-649/front/normal/649-gen5.png
Grass,None,pokemon_images/sprites/0788-Chespin-650/front/normal/650-gen6.png
Grass,None,pokemon_images/sprites/0789-Quilladin-651/front/normal/651-gen6.png
Grass,Fighting,pokemon_images/sprites/0790-Chesnaught-652/front/normal/652-gen6.png
Fire,None,pokemon_images/sprites/0791-Fennekin-653/front/normal/653-gen6.png
Fire,None,pokemon_images/sprites/0792-Braixen-654/front/normal/654-gen6.png
Fire,Psychic,pokemon_images/sprites/0793-Delphox-655/front/normal/655-gen6.png
Water,None,pokemon_images/sprites/0794-Froakie-656/front/normal/656-gen6.png
Water,None,pokemon_images/sprites/0795-Frogadier-657/front/normal/657-gen6.png
Water,Dark,pokemon_images/sprites/0796-Greninja-658/front/normal/658-gen6.png
Water,Dark,pokemon_images/sprites/0797-Greninja Ash-658/front/normal/658_2-gen7.png
Normal,None,pokemon_images/sprites/0799-Bunnelby-659/front/normal/659-gen6.png
Normal,Ground,pokemon_images/sprites/0800-Diggersby-660/front/normal/660-gen6.png
Normal,Flying,pokemon_images/sprites/0801-Fletchling-661/front/normal/661-gen6.png
Fire,Flying,pokemon_images/sprites/0802-Fletchinder-662/front/normal/662-gen6.png
Fire,Flying,pokemon_images/sprites/0803-Talonflame-663/front/normal/663-gen6.png
Bug,None,pokemon_images/sprites/0804-Scatterbug-664/front/normal/664-gen6.png
Bug,None,pokemon_images/sprites/0805-Spewpa-665/front/normal/665-gen6.png
Bug,Flying,pokemon_images/sprites/0806-Vivillon-666/front/normal/666_1-gen6.png
Fire,Normal,pokemon_images/sprites/0807-Litleo-667/front/normal/667-gen6.png
Fire,Normal,pokemon_images/sprites/0808-Pyroar-668/front/normal/668m-gen6.png
Fairy,None,pokemon_images/sprites/0809-Flabebe-669/front/normal/669_1-gen6.png
Fairy,None,pokemon_images/sprites/0810-Floette-670/front/normal/670_1-gen6.png
Fairy,None,pokemon_images/sprites/0811-Floette Eternal-670/front/normal/670_6-gen6.png
Fairy,None,pokemon_images/sprites/0812-Florges-671/front/normal/671_1-gen6.png
Grass,None,pokemon_images/sprites/0813-Skiddo-672/front/normal/672-gen6.png
Grass,None,pokemon_images/sprites/0814-Gogoat-673/front/normal/673-gen6.png
Fighting,None,pokemon_images/sprites/0815-Pancham-674/front/normal/674-gen6.png
Fighting,Dark,pokemon_images/sprites/0816-Pangoro-675/front/normal/675-gen6.png
Normal,None,pokemon_images/sprites/0817-Furfrou-676/front/normal/676_1-gen6.png
Psychic,None,pokemon_images/sprites/0818-Espurr-677/front/normal/677-gen6.png
Psychic,None,pokemon_images/sprites/0819-Meowstic Female-678/front/normal/678f-gen6.png
Psychic,None,pokemon_images/sprites/0820-Meowstic Male-678/front/normal/678m-gen6.png
Steel,Ghost,pokemon_images/sprites/0821-Honedge-679/front/normal/679_2-gen6.png
Steel,Ghost,pokemon_images/sprites/0822-Doublade-680/front/normal/680_2-gen6.png
Steel,Ghost,pokemon_images/sprites/0823-Aegislash Blade-681/front/normal/681_2-gen6.png
Steel,Ghost,pokemon_images/sprites/0824-Aegislash Shield-681/front/normal/681_1-gen6.png
Fairy,None,pokemon_images/sprites/0825-Spritzee-682/front/normal/682-gen6.png
Fairy,None,pokemon_images/sprites/0826-Aromatisse-683/front/normal/683-gen6.png
Fairy,None,pokemon_images/sprites/0827-Swirlix-684/front/normal/684-gen6.png
Fairy,None,pokemon_images/sprites/0828-Slurpuff-685/front/normal/685-gen6.png
Dark,Psychic,pokemon_images/sprites/0829-Inkay-686/front/normal/686-gen6.png
Dark,Psychic,pokemon_images/sprites/0830-Malamar-687/front/normal/687-gen6.png
Rock,Water,pokemon_images/sprites/0831-Binacle-688/front/normal/688-gen6.png
Rock,Water,pokemon_images/sprites/0832-Barbaracle-689/front/normal/689-gen6.png
Poison,Water,pokemon_images/sprites/0833-Skrelp-690/front/normal/690-gen6.png
Poison,Dragon,pokemon_images/sprites/0834-Dragalge-691/front/normal/691-gen6.png
Water,None,pokemon_images/sprites/0835-Clauncher-692/front/normal/692-gen6.png
Water,None,pokemon_images/sprites/0836-Clawitzer-693/front/normal/693-gen6.png
Electric,Normal,pokemon_images/sprites/0837-Helioptile-694/front/normal/694-gen6.png
Electric,Normal,pokemon_images/sprites/0838-Heliolisk-695/front/normal/695-gen6.png
Rock,Dragon,pokemon_images/sprites/0839-Tyrunt-696/front/normal/696-gen6.png
Rock,Dragon,pokemon_images/sprites/0840-Tyrantrum-697/front/normal/697-gen6.png
Rock,Ice,pokemon_images/sprites/0841-Amaura-698/front/normal/698-gen6.png
Rock,Ice,pokemon_images/sprites/0842-Aurorus-699/front/normal/699-gen6.png
Fairy,None,pokemon_images/sprites/0843-Sylveon-700/front/normal/700-gen6.png
Fighting,Flying,pokemon_images/sprites/0844-Hawlucha-701/front/normal/701-gen6.png
Electric,Fairy,pokemon_images/sprites/0845-Dedenne-702/front/normal/702-gen6.png
Rock,Fairy,pokemon_images/sprites/0846-Carbink-703/front/normal/703-gen6.png
Dragon,None,pokemon_images/sprites/0847-Goomy-704/front/normal/704-gen6.png
Dragon,None,pokemon_images/sprites/0848-Sliggoo-705/front/normal/705-gen6.png
Dragon,None,pokemon_images/sprites/0849-Goodra-706/front/normal/706-gen6.png
Steel,Fairy,pokemon_images/sprites/0850-Klefki-707/front/normal/707-gen6.png
Ghost,Grass,pokemon_images/sprites/0851-Phantump-708/front/normal/708-gen6.png
Ghost,Grass,pokemon_images/sprites/0852-Trevenant-709/front/normal/709-gen6.png
Ghost,Grass,pokemon_images/sprites/0853-Pumpkaboo Average-710/front/normal/710_1-gen6.png
Ghost,Grass,pokemon_images/sprites/0857-Gourgeist Average-711/front/normal/711_1-gen6.png
Ice,None,pokemon_images/sprites/0861-Bergmite-712/front/normal/712-gen6.png
Ice,None,pokemon_images/sprites/0862-Avalugg-713/front/normal/713-gen6.png
Flying,Dragon,pokemon_images/sprites/0863-Noibat-714/front/normal/714-gen6.png
Flying,Dragon,pokemon_images/sprites/0864-Noivern-715/front/normal/715-gen6.png
Fairy,None,pokemon_images/sprites/0865-Xerneas-716/front/normal/716_1-gen6.png
Dark,Flying,pokemon_images/sprites/0866-Yveltal-717/front/normal/717-gen6.png
Dragon,Ground,pokemon_images/sprites/0867-Zygarde-718/front/normal/718_5-gen6.png
Dragon,Ground,pokemon_images/sprites/0868-Zygarde 10-718/front/normal/718_2-gen7.png
Dragon,Ground,pokemon_images/sprites/0869-Zygarde 50-718/front/normal/718_1-gen6.png
Dragon,Ground,pokemon_images/sprites/0870-Zygarde Complete-718/front/normal/718_3-gen7.png
Rock,Fairy,pokemon_images/sprites/0871-Diancie-719/front/normal/719_1-gen6.png
Psychic,Ghost,pokemon_images/sprites/0873-Hoopa-720/front/normal/720_1-gen6.png
Psychic,Dark,pokemon_images/sprites/0874-Hoopa Unbound-720/front/normal/720_2-gen6.png
Fire,Water,pokemon_images/sprites/0875-Volcanion-721/front/normal/721-gen6.png
Grass,Flying,pokemon_images/sprites/0876-Rowlet-722/front/normal/722-gen7.png
Grass,Flying,pokemon_images/sprites/0877-Dartrix-723/front/normal/723-gen7.png
Grass,Ghost,pokemon_images/sprites/0878-Decidueye-724/front/normal/724-gen7.png
Fire,None,pokemon_images/sprites/0879-Litten-725/front/normal/725-gen7.png
Fire,None,pokemon_images/sprites/0880-Torracat-726/front/normal/726-gen7.png
Fire,Dark,pokemon_images/sprites/0881-Incineroar-727/front/normal/727-gen7.png
Water,None,pokemon_images/sprites/0882-Popplio-728/front/normal/728-gen7.png
Water,None,pokemon_images/sprites/0883-Brionne-729/front/normal/729-gen7.png
Water,Fairy,pokemon_images/sprites/0884-Primarina-730/front/normal/730-gen7.png
Normal,Flying,pokemon_images/sprites/0885-Pikipek-731/front/normal/731-gen7.png
Normal,Flying,pokemon_images/sprites/0886-Trumbeak-732/front/normal/732-gen7.png
Normal,Flying,pokemon_images/sprites/0887-Toucannon-733/front/normal/733-gen7.png
Normal,None,pokemon_images/sprites/0888-Yungoos-734/front/normal/734-gen7.png
Normal,None,pokemon_images/sprites/0889-Gumshoos-735/front/normal/735-gen7.png
Bug,None,pokemon_images/sprites/0891-Grubbin-736/front/normal/736-gen7.png
Bug,Electric,pokemon_images/sprites/0892-Charjabug-737/front/normal/737-gen7.png
Bug,Electric,pokemon_images/sprites/0893-Vikavolt-738/front/normal/738-gen7.png
Fighting,None,pokemon_images/sprites/0895-Crabrawler-739/front/normal/739-gen7.png
Fighting,Ice,pokemon_images/sprites/0896-Crabominable-740/front/normal/740-gen7.png
Fire,Flying,pokemon_images/sprites/0897-Oricorio Baile-741/front/normal/741_1-gen7.png
Psychic,Flying,pokemon_images/sprites/0898-Oricorio Pau-741/front/normal/741_3-gen7.png
Electric,Flying,pokemon_images/sprites/0899-Oricorio Pom Pom-741/front/normal/741_2-gen7.png
Ghost,Flying,pokemon_images/sprites/0900-Oricorio Sensu-741/front/normal/741_4-gen7.png
Bug,Fairy,pokemon_images/sprites/0901-Cutiefly-742/front/normal/742-gen7.png
Bug,Fairy,pokemon_images/sprites/0902-Ribombee-743/front/normal/743-gen7.png
Rock,None,pokemon_images/sprites/0904-Rockruff-744/front/normal/744-gen7.png
Rock,None,pokemon_images/sprites/0906-Lycanroc Dusk-745/front/normal/745_3-gen7.png
Rock,None,pokemon_images/sprites/0907-Lycanroc Midday-745/front/normal/745_1-gen7.png
Rock,None,pokemon_images/sprites/0908-Lycanroc Midnight-745/front/normal/745_2-gen7.png
Water,None,pokemon_images/sprites/0909-Wishiwashi School-746/front/normal/746_2-gen7.png
Water,None,pokemon_images/sprites/0910-Wishiwashi Solo-746/front/normal/746_1-gen7.png
Poison,Water,pokemon_images/sprites/0911-Mareanie-747/front/normal/747-gen7.png
Poison,Water,pokemon_images/sprites/0912-Toxapex-748/front/normal/748-gen7.png
Ground,None,pokemon_images/sprites/0913-Mudbray-749/front/normal/749-gen7.png
Ground,None,pokemon_images/sprites/0914-Mudsdale-750/front/normal/750-gen7.png
Water,Bug,pokemon_images/sprites/0915-Dewpider-751/front/normal/751-gen7.png
Water,Bug,pokemon_images/sprites/0916-Araquanid-752/front/normal/752-gen7.png
Grass,None,pokemon_images/sprites/0918-Fomantis-753/front/normal/753-gen7.png
Grass,None,pokemon_images/sprites/0919-Lurantis-754/front/normal/754-gen7.png
Grass,Fairy,pokemon_images/sprites/0921-Morelull-755/front/normal/755-gen7.png
Grass,Fairy,pokemon_images/sprites/0922-Shiinotic-756/front/normal/756-gen7.png
Poison,Fire,pokemon_images/sprites/0923-Salandit-757/front/normal/757-gen7.png
Poison,Fire,pokemon_images/sprites/0924-Salazzle-758/front/normal/758-gen7.png
Normal,Fighting,pokemon_images/sprites/0926-Stufful-759/front/normal/759-gen7.png
Normal,Fighting,pokemon_images/sprites/0927-Bewear-760/front/normal/760-gen7.png
Grass,None,pokemon_images/sprites/0928-Bounsweet-761/front/normal/761-gen7.png
Grass,None,pokemon_images/sprites/0929-Steenee-762/front/normal/762-gen7.png
Grass,None,pokemon_images/sprites/0930-Tsareena-763/front/normal/763-gen7.png
Fairy,None,pokemon_images/sprites/0931-Comfey-764/front/normal/764-gen7.png
Normal,Psychic,pokemon_images/sprites/0932-Oranguru-765/front/normal/765-gen7.png
Fighting,None,pokemon_images/sprites/0933-Passimian-766/front/normal/766-gen7.png
Bug,Water,pokemon_images/sprites/0934-Wimpod-767/front/normal/767-gen7.png
Bug,Water,pokemon_images/sprites/0935-Golisopod-768/front/normal/768-gen7.png
Ghost,Ground,pokemon_images/sprites/0936-Sandygast-769/front/normal/769-gen7.png
Ghost,Ground,pokemon_images/sprites/0937-Palossand-770/front/normal/770-gen7.png
Water,None,pokemon_images/sprites/0938-Pyukumuku-771/front/normal/771-gen7.png
Normal,None,pokemon_images/sprites/0939-Type Null-772/front/normal/772-gen7.png
Normal,None,pokemon_images/sprites/0940-Silvally-773/front/normal/773_1-gen7.png
Rock,Flying,pokemon_images/sprites/0941-Minior Blue-774/front/normal/774_4-gen7.png
Rock,Flying,pokemon_images/sprites/0942-Minior Blue Meteor-774/front/normal/774_1-gen7.png
Normal,None,pokemon_images/sprites/0955-Komala-775/front/normal/775-gen7.png
Fire,Dragon,pokemon_images/sprites/0956-Turtonator-776/front/normal/776-gen7.png
Electric,Steel,pokemon_images/sprites/0957-Togedemaru-777/front/normal/777-gen7.png
Ghost,Fairy,pokemon_images/sprites/0959-Mimikyu Busted-778/front/normal/778_1-gen7.png
Ghost,Fairy,pokemon_images/sprites/0960-Mimikyu Disguised-778/front/normal/778_2-gen7.png
Water,Psychic,pokemon_images/sprites/0963-Bruxish-779/front/normal/779-gen7.png
Normal,Dragon,pokemon_images/sprites/0964-Drampa-780/front/normal/780-gen7.png
Ghost,Grass,pokemon_images/sprites/0965-Dhelmise-781/front/normal/781-gen7.png
Dragon,None,pokemon_images/sprites/0966-Jangmo O-782/front/normal/782-gen7.png
Dragon,Fighting,pokemon_images/sprites/0967-Hakamo O-783/front/normal/783-gen7.png
Dragon,Fighting,pokemon_images/sprites/0968-Kommo O-784/front/normal/784-gen7.png
Electric,Fairy,pokemon_images/sprites/0970-Tapu Koko-785/front/normal/785-gen7.png
Psychic,Fairy,pokemon_images/sprites/0971-Tapu Lele-786/front/normal/786-gen7.png
Grass,Fairy,pokemon_images/sprites/0972-Tapu Bulu-787/front/normal/787-gen7.png
Water,Fairy,pokemon_images/sprites/0973-Tapu Fini-788/front/normal/788-gen7.png
Psychic,None,pokemon_images/sprites/0974-Cosmog-789/front/normal/789-gen7.png
Psychic,None,pokemon_images/sprites/0975-Cosmoem-790/front/normal/790-gen7.png
Psychic,Steel,pokemon_images/sprites/0976-Solgaleo-791/front/normal/791_2-gen7.png
Psychic,Ghost,pokemon_images/sprites/0977-Lunala-792/front/normal/792_2-gen7.png
Rock,Poison,pokemon_images/sprites/0978-Nihilego-793/front/normal/793-gen7.png
Bug,Fighting,pokemon_images/sprites/0979-Buzzwole-794/front/normal/794-gen7.png
Bug,Fighting,pokemon_images/sprites/0980-Pheromosa-795/front/normal/795-gen7.png
Electric,None,pokemon_images/sprites/0981-Xurkitree-796/front/normal/796-gen7.png
Steel,Flying,pokemon_images/sprites/0982-Celesteela-797/front/normal/797-gen7.png
Grass,Steel,pokemon_images/sprites/0983-Kartana-798/front/normal/798-gen7.png
Dark,Dragon,pokemon_images/sprites/0984-Guzzlord-799/front/normal/799-gen7.png
Psychic,None,pokemon_images/sprites/0985-Necrozma-800/front/normal/800_1-gen7.png
Psychic,Ghost,pokemon_images/sprites/0986-Necrozma Dawn-800/front/normal/800_2-gen7.png
Psychic,Steel,pokemon_images/sprites/0987-Necrozma Dusk-800/front/normal/800_3-gen7.png
Psychic,Dragon,pokemon_images/sprites/0988-Necrozma Ultra-800/front/normal/800_4-gen7.png
Steel,Fairy,pokemon_images/sprites/0989-Magearna-801/front/normal/801_1-gen7.png
Steel,Fairy,pokemon_images/sprites/0990-Magearna Original-801/front/normal/801_2-gen7.png
Fighting,Ghost,pokemon_images/sprites/0991-Marshadow-802/front/normal/802_2-gen7.png
Poison,None,pokemon_images/sprites/0992-Poipole-803/front/normal/803-gen7.png
Poison,Dragon,pokemon_images/sprites/0993-Naganadel-804/front/normal/804-gen7.png
Rock,Steel,pokemon_images/sprites/0994-Stakataka-805/front/normal/805-gen7.png
Fire,Ghost,pokemon_images/sprites/0995-Blacephalon-806/front/normal/806-gen7.png
Electric,None,pokemon_images/sprites/0996-Zeraora-807/front/normal/807-gen7.png
Steel,None,pokemon_images/sprites/0997-Meltan-808/front/normal/808-gen7.png
Steel,None,pokemon_images/sprites/0998-Melmetal-809/front/normal/809_1-gen7.png
Grass,None,pokemon_images/sprites/1000-Grookey-810/front/normal/810-gen8.png
Grass,None,pokemon_images/sprites/1001-Thwackey-811/front/normal/811-gen8.png
Grass,None,pokemon_images/sprites/1002-Rillaboom-812/front/normal/812_1-gen8.png
Fire,None,pokemon_images/sprites/1004-Scorbunny-813/front/normal/813-gen8.png
Fire,None,pokemon_images/sprites/1005-Raboot-814/front/normal/814-gen8.png
Fire,None,pokemon_images/sprites/1006-Cinderace-815/front/normal/815_1-gen8.png
Water,None,pokemon_images/sprites/1008-Sobble-816/front/normal/816-gen8.png
Water,None,pokemon_images/sprites/1009-Drizzile-817/front/normal/817-gen8.png
Water,None,pokemon_images/sprites/1010-Inteleon-818/front/normal/818_1-gen8.png
Normal,None,pokemon_images/sprites/1012-Skwovet-819/front/normal/819-gen8.png
Normal,None,pokemon_images/sprites/1013-Greedent-820/front/normal/820-gen8.png
Flying,None,pokemon_images/sprites/1014-Rookidee-821/front/normal/821-gen8.png
Flying,None,pokemon_images/sprites/1015-Corvisquire-822/front/normal/822-gen8.png
Flying,Steel,pokemon_images/sprites/1016-Corviknight-823/front/normal/823_1-gen8.png
Bug,None,pokemon_images/sprites/1018-Blipbug-824/front/normal/824-gen8.png
Bug,Psychic,pokemon_images/sprites/1019-Dottler-825/front/normal/825-gen8.png
Bug,Psychic,pokemon_images/sprites/1020-Orbeetle-826/front/normal/826_1-gen8.png
Dark,None,pokemon_images/sprites/1022-Nickit-827/front/normal/827-gen8.png
Dark,None,pokemon_images/sprites/1023-Thievul-828/front/normal/828-gen8.png
Grass,None,pokemon_images/sprites/1024-Gossifleur-829/front/normal/829-gen8.png
Grass,None,pokemon_images/sprites/1025-Eldegoss-830/front/normal/830-gen8.png
Normal,None,pokemon_images/sprites/1026-Wooloo-831/front/normal/831-gen8.png
Normal,None,pokemon_images/sprites/1027-Dubwool-832/front/normal/832-gen8.png
Water,None,pokemon_images/sprites/1028-Chewtle-833/front/normal/833-gen8.png
Water,Rock,pokemon_images/sprites/1029-Drednaw-834/front/normal/834_1-gen8.png
Electric,None,pokemon_images/sprites/1031-Yamper-835/front/normal/835-gen8.png
Electric,None,pokemon_images/sprites/1032-Boltund-836/front/normal/836-gen8.png
Rock,None,pokemon_images/sprites/1033-Rolycoly-837/front/normal/837-gen8.png
Rock,Fire,pokemon_images/sprites/1034-Carkol-838/front/normal/838-gen8.png
Rock,Fire,pokemon_images/sprites/1035-Coalossal-839/front/normal/839_1-gen8.png
Grass,Dragon,pokemon_images/sprites/1037-Applin-840/front/normal/840-gen8.png
Grass,Dragon,pokemon_images/sprites/1038-Flapple-841/front/normal/841_1-gen8.png
Grass,Dragon,pokemon_images/sprites/1040-Appletun-842/front/normal/842_1-gen8.png
Ground,None,pokemon_images/sprites/1042-Silicobra-843/front/normal/843-gen8.png
Ground,None,pokemon_images/sprites/1043-Sandaconda-844/front/normal/844_1-gen8.png
Flying,Water,pokemon_images/sprites/1045-Cramorant-845/front/normal/845_1-gen8.png
Water,None,pokemon_images/sprites/1046-Arrokuda-846/front/normal/846-gen8.png
Water,None,pokemon_images/sprites/1047-Barraskewda-847/front/normal/847-gen8.png
Electric,Poison,pokemon_images/sprites/1048-Toxel-848/front/normal/848-gen8.png
Electric,Poison,pokemon_images/sprites/1049-Toxtricity Amped-849/front/normal/849_1-gen8.png
Electric,Poison,pokemon_images/sprites/1051-Toxtricity Low Key-849/front/normal/849_2-gen8.png
Fire,Bug,pokemon_images/sprites/1053-Sizzlipede-850/front/normal/850-gen8.png
Fire,Bug,pokemon_images/sprites/1054-Centiskorch-851/front/normal/851_1-gen8.png
Fighting,None,pokemon_images/sprites/1056-Clobbopus-852/front/normal/852-gen8.png
Fighting,None,pokemon_images/sprites/1057-Grapploct-853/front/normal/853-gen8.png
Ghost,None,pokemon_images/sprites/1058-Sinistea-854/front/normal/854-gen8.png
Ghost,None,pokemon_images/sprites/1059-Polteageist-855/front/normal/855-gen8.png
Psychic,None,pokemon_images/sprites/1060-Hatenna-856/front/normal/856-gen8.png
Psychic,None,pokemon_images/sprites/1061-Hattrem-857/front/normal/857-gen8.png
Psychic,Fairy,pokemon_images/sprites/1062-Hatterene-858/front/normal/858_1-gen8.png
Dark,Fairy,pokemon_images/sprites/1064-Impidimp-859/front/normal/859-gen8.png
Dark,Fairy,pokemon_images/sprites/1065-Morgrem-860/front/normal/860-gen8.png
Dark,Fairy,pokemon_images/sprites/1066-Grimmsnarl-861/front/normal/861_1-gen8.png
Dark,Normal,pokemon_images/sprites/1068-Obstagoon-862/front/normal/862-gen8.png
Steel,None,pokemon_images/sprites/1069-Perrserker-863/front/normal/863-gen8.png
Ghost,None,pokemon_images/sprites/1070-Cursola-864/front/normal/864-gen8.png
Fighting,None,pokemon_images/sprites/1071-Sirfetchd-865/front/normal/865-gen8.png
Ice,Psychic,pokemon_images/sprites/1072-Mr Rime-866/front/normal/866-gen8.png
Ground,Ghost,pokemon_images/sprites/1073-Runerigus-867/front/normal/867-gen8.png
Fairy,None,pokemon_images/sprites/1074-Milcery-868/front/normal/868-gen8.png
Fairy,None,pokemon_images/sprites/1075-Alcremie-869/front/normal/869_1-gen8.png
Fighting,None,pokemon_images/sprites/1077-Falinks-870/front/normal/870-gen8.png
Electric,None,pokemon_images/sprites/1078-Pincurchin-871/front/normal/871-gen8.png
Ice,Bug,pokemon_images/sprites/1079-Snom-872/front/normal/872-gen8.png
Ice,Bug,pokemon_images/sprites/1080-Frosmoth-873/front/normal/873-gen8.png
Rock,None,pokemon_images/sprites/1081-Stonjourner-874/front/normal/874-gen8.png
Ice,None,pokemon_images/sprites/1082-Eiscue Ice-875/front/normal/875_1-gen8.png
Ice,None,pokemon_images/sprites/1083-Eiscue Noice-875/front/normal/875_2-gen8.png
Psychic,Normal,pokemon_images/sprites/1084-Indeedee Female-876/front/normal/876f-gen8.png
Psychic,Normal,pokemon_images/sprites/1085-Indeedee Male-876/front/normal/876m-gen8.png
Electric,Dark,pokemon_images/sprites/1086-Morpeko-877/front/normal/877_2-gen8.png
Steel,None,pokemon_images/sprites/1087-Cufant-878/front/normal/878-gen8.png
Steel,None,pokemon_images/sprites/1088-Copperajah-879/front/normal/879_1-gen8.png
Electric,Dragon,pokemon_images/sprites/1090-Dracozolt-880/front/normal/880-gen8.png
Electric,Ice,pokemon_images/sprites/1091-Arctozolt-881/front/normal/881-gen8.png
Water,Dragon,pokemon_images/sprites/1092-Dracovish-882/front/normal/882-gen8.png
Water,Ice,pokemon_images/sprites/1093-Arctovish-883/front/normal/883-gen8.png
Steel,Dragon,pokemon_images/sprites/1094-Duraludon-884/front/normal/884_1-gen8.png
Dragon,Ghost,pokemon_images/sprites/1096-Dreepy-885/front/normal/885-gen8.png
Dragon,Ghost,pokemon_images/sprites/1097-Drakloak-886/front/normal/886-gen8.png
Dragon,Ghost,pokemon_images/sprites/1098-Dragapult-887/front/normal/887-gen8.png
Fairy,Steel,pokemon_images/sprites/1099-Zacian Crowned-888/front/normal/888_3-gen8.png
Fairy,None,pokemon_images/sprites/1100-Zacian Hero-888/front/normal/888_2-gen8.png
Fighting,Steel,pokemon_images/sprites/1101-Zamazenta Crowned-889/front/normal/889_3-gen8.png
Fighting,None,pokemon_images/sprites/1102-Zamazenta Hero-889/front/normal/889_2-gen8.png
Poison,Dragon,pokemon_images/sprites/1103-Eternatus-890/front/normal/890_1-gen8.png
Fighting,None,pokemon_images/sprites/1105-Kubfu-891/front/normal/891-gen8.png
Fighting,Water,pokemon_images/sprites/1106-Urshifu Rapid Strike-892/front/normal/892_1-gen8.png
Fighting,Dark,pokemon_images/sprites/1108-Urshifu Single Strike-892/front/normal/892_2-gen8.png
Dark,Grass,pokemon_images/sprites/1110-Zarude-893/front/normal/893_2-gen8.png
Electric,None,pokemon_images/sprites/1111-Regieleki-894/front/normal/894-gen8.png
Dragon,None,pokemon_images/sprites/1112-Regidrago-895/front/normal/895-gen8.png
Ice,None,pokemon_images/sprites/1113-Glastrier-896/front/normal/896-gen8.png
Ghost,None,pokemon_images/sprites/1114-Spectrier-897/front/normal/897-gen8.png
Psychic,Grass,pokemon_images/sprites/1115-Calyrex-898/front/normal/898_1-gen8.png
Psychic,Ice,pokemon_images/sprites/1116-Calyrex Ice Rider-898/front/normal/898_2-gen8.png
Psychic,Ghost,pokemon_images/sprites/1117-Calyrex Shadow Rider-898/front/normal/898_3-gen8.png
